delivery_status_id,production_order_id,product_id,dispatch_id,expected_delivery_date,actual_delivery_date,delivered_quantity,delivery_status
DS001,PO001,PR001,DIS001,2026-09-06,2026-09-06,480,Delivered
DS002,PO002,PR002,DIS002,2026-09-08,2026-09-09,295,Delayed
DS003,PO003,PR003,DIS003,2026-09-10,2026-09-10,680,Delivered
DS004,PO004,PR004,DIS004,2026-09-12,2026-09-12,420,Delivered
DS005,PO005,PR005,DIS005,2026-09-13,2026-09-14,570,Delayed
DS006,PO006,PR006,DIS006,2026-09-13,2026-09-13,330,Delivered
DS007,PO007,PR007,DIS007,2026-09-15,\N,0,Pending
DS008,PO008,PR008,DIS008,2026-09-14,\N,390,In Transit
DS009,PO009,PR009,DIS009,2026-09-16,\N,525,In Transit
DS010,PO010,PR010,DIS010,2026-09-17,\N,0,Pending
