factory_id,factory_name,location,total_capacity,current_utilization,available_capacity,unit
F001,Main Factory,Pune,10000,7500,2500,units
F002,North Factory,Nashik,8000,6000,2000,units
F003,West Factory,Mumbai,12000,9000,3000,units
F004,Central Factory,Nagpur,9000,6500,2500,units
F005,South Factory,Kolhapur,7000,5000,2000,units
F006,East Factory,Solapur,8500,6800,1700,units
F007,Backup Factory,Satara,6000,4200,1800,units
F008,Assembly Factory,Ahmednagar,7500,5500,2000,units
F009,Production Hub,Thane,11000,8500,2500,units
F010,Packaging Factory,Aurangabad,6500,4800,1700,units
