timestamp,product,store,feedback
2026-09-06T07:46:07.268849,FOODS_3_090,CA_1,helpful
2026-09-06T08:30:11.352601,FOODS_3_090,CA_1,not_helpful
2026-09-06T08:30:21.039428,FOODS_3_090,CA_1,helpful
2026-09-06T09:36:42.645904,FOODS_3_090,CA_1,helpful
2026-09-06T10:08:40.083336,FOODS_3_090,CA_1,helpful
2026-09-07T16:33:05.452817,FOODS_3_090,CA_1,helpful
2026-09-07T10:21:31.439657,FOODS_3_090,CA_1,not_helpful
2026-09-07T10:21:34.211423,FOODS_3_090,CA_1,not_helpful
2026-09-25T05:23:05.815010,FOODS_3_090,CA_1,helpful
