production_order_id,product_id,order_date,planned_quantity,priority,required_date,order_status
PO001,PR001,2026-09-01,500,High,2026-09-07,Completed
PO002,PR002,2026-09-02,300,Medium,2026-09-08,Completed
PO003,PR003,2026-09-03,700,High,2026-09-10,Completed
PO004,PR004,2026-09-04,450,Medium,2026-09-12,Completed
PO005,PR005,2026-09-05,600,High,2026-09-11,Completed
PO006,PR006,2026-09-06,350,Low,2026-09-13,Completed
PO007,PR007,2026-09-07,800,High,2026-09-15,Pending
PO008,PR008,2026-09-08,400,Medium,2026-09-14,In Progress
PO009,PR009,2026-09-09,550,High,2026-09-16,In Progress
PO010,PR010,2026-09-10,650,Medium,2026-09-17,Pending
