material_id,material_name,category,unit,current_stock,reorder_level,unit_cost,supplier_id
RM001,Rice,Grains,kg,2500,1000,60,SUP001
RM002,Wheat Flour,Grains,kg,1800,700,45,SUP002
RM003,Toor Dal,Pulses,kg,900,300,120,SUP003
RM004,Sugar,Grocery,kg,3200,1200,45,SUP004
RM005,Sunflower Oil,Oil,liter,1500,500,140,SUP005
RM006,Salt,Grocery,kg,800,300,25,SUP006
RM007,Tea Powder,Beverages,kg,400,150,280,SUP007
RM008,Red Chilli Powder,Spices,kg,600,200,220,SUP008
RM009,Turmeric Powder,Spices,kg,500,150,180,SUP009
RM010,Biscuits,Snacks,packet,3000,1000,20,SUP010
