date,temperature_mean,temperature_max,temperature_min,precipitation,rain
2011-01-29,9.3,14.8,4.3,0.0,0.0
2011-01-30,8.0,11.1,5.3,9.4,9.4
2011-01-31,7.6,10.0,5.6,0.0,0.0
2011-02-01,7.4,10.4,4.3,0.0,0.0
2011-02-02,8.0,13.1,3.8,0.0,0.0
2011-02-03,7.7,13.5,3.1,0.0,0.0
2011-02-04,8.5,14.8,3.2,0.0,0.0
2011-02-05,9.5,15.5,4.4,0.0,0.0
2011-02-06,11.4,18.4,5.8,0.0,0.0
2011-02-07,11.7,19.4,5.1,0.0,0.0
2011-02-08,8.8,12.2,5.9,0.0,0.0
2011-02-09,8.1,14.4,2.5,0.0,0.0
2011-02-10,8.0,14.9,2.0,0.0,0.0
2011-02-11,9.6,17.6,2.9,0.0,0.0
2011-02-12,11.6,21.4,3.4,0.0,0.0
2011-02-13,12.0,20.5,4.5,0.0,0.0
2011-02-14,11.1,14.5,6.8,0.2,0.2
2011-02-15,11.6,16.5,7.6,0.9,0.9
2011-02-16,8.2,9.8,3.7,20.6,20.6
2011-02-17,6.9,12.1,1.8,6.5,6.5
2011-02-18,9.9,14.3,6.8,18.9,18.9
2011-02-19,7.2,9.9,4.8,11.3,11.3
2011-02-20,6.8,11.0,3.7,2.6,2.6
2011-02-21,6.9,10.7,2.2,0.0,0.0
2011-02-22,7.4,13.4,1.8,0.0,0.0
2011-02-23,6.8,11.8,2.0,0.0,0.0
2011-02-24,6.7,11.1,1.8,0.3,0.3
2011-02-25,6.4,7.5,4.0,26.4,26.4
2011-02-26,4.1,7.1,1.1,0.5,0.5
2011-02-27,3.9,9.4,-2.0,0.0,0.0
2011-02-28,6.5,14.1,-0.4,0.0,0.0
2011-03-01,8.0,14.9,1.0,0.0,0.0
2011-03-02,10.2,14.1,6.4,19.5,19.5
2011-03-03,12.0,17.4,6.8,6.4,6.4
2011-03-04,10.4,18.1,3.4,0.0,0.0
2011-03-05,12.4,19.4,5.6,0.0,0.0
2011-03-06,12.6,15.7,10.3,3.7,3.7
2011-03-07,10.6,13.1,8.0,9.8,9.8
2011-03-08,9.9,14.7,4.2,0.0,0.0
2011-03-09,12.6,20.6,5.7,0.0,0.0
2011-03-10,14.0,22.0,6.8,0.0,0.0
2011-03-11,12.1,17.1,8.2,0.0,0.0
2011-03-12,11.8,17.3,5.5,0.0,0.0
2011-03-13,12.1,18.7,5.7,0.0,0.0
2011-03-14,14.2,20.7,8.5,0.0,0.0
2011-03-15,14.8,21.6,7.9,0.0,0.0
2011-03-16,12.4,14.9,10.3,8.3,8.3
2011-03-17,11.3,17.0,6.8,0.0,0.0
2011-03-18,10.5,16.8,5.0,6.1,6.1
2011-03-19,8.4,10.7,5.3,8.6,8.6
2011-03-20,8.8,9.9,6.4,60.7,60.7
2011-03-21,7.1,10.8,4.6,15.9,15.9
2011-03-22,8.1,13.6,2.0,2.1,2.1
2011-03-23,8.1,10.2,6.2,32.4,32.4
2011-03-24,7.2,9.1,4.6,21.7,21.7
2011-03-25,10.0,14.0,4.9,9.1,9.1
2011-03-26,9.0,10.5,7.5,8.1,8.1
2011-03-27,11.3,15.5,8.3,1.4,1.4
2011-03-28,11.0,16.7,6.3,0.0,0.0
2011-03-29,12.3,18.4,5.6,0.0,0.0
2011-03-30,14.0,21.1,6.9,0.0,0.0
2011-03-31,17.1,25.2,9.6,0.0,0.0
2011-04-01,19.4,28.5,10.0,0.0,0.0
2011-04-02,18.6,23.8,13.1,0.0,0.0
2011-04-03,14.8,19.2,10.9,0.0,0.0
2011-04-04,15.9,23.1,7.8,0.0,0.0
2011-04-05,17.0,23.6,9.8,0.0,0.0
2011-04-06,16.0,21.7,10.0,0.0,0.0
2011-04-07,8.0,12.4,4.1,12.1,12.1
2011-04-08,6.3,10.2,1.0,0.9,0.9
2011-04-09,8.1,13.1,1.6,0.0,0.0
2011-04-10,10.3,16.9,2.6,0.0,0.0
2011-04-11,12.4,18.0,6.7,0.0,0.0
2011-04-12,12.8,19.0,6.3,0.0,0.0
2011-04-13,10.4,14.3,7.3,0.2,0.2
2011-04-14,11.0,17.8,4.8,0.0,0.0
2011-04-15,13.8,21.4,6.1,0.0,0.0
2011-04-16,15.9,23.0,9.3,0.0,0.0
2011-04-17,17.4,24.3,10.3,0.0,0.0
2011-04-18,17.0,22.4,11.7,0.0,0.0
2011-04-19,16.2,21.1,10.2,0.0,0.0
2011-04-20,16.8,21.7,11.2,1.4,1.4
2011-04-21,15.1,19.9,11.5,1.6,1.6
2011-04-22,14.3,20.0,8.1,1.0,1.0
2011-04-23,14.8,20.2,9.0,0.0,0.0
2011-04-24,14.9,18.2,12.4,0.8,0.8
2011-04-25,14.1,18.8,8.9,0.0,0.0
2011-04-26,13.9,19.8,7.8,0.0,0.0
2011-04-27,15.6,22.5,8.3,0.0,0.0
2011-04-28,16.7,23.0,9.3,0.0,0.0
2011-04-29,13.7,19.3,8.4,0.0,0.0
2011-04-30,14.4,21.5,6.0,0.0,0.0
2011-05-01,15.6,22.8,7.7,0.0,0.0
2011-05-02,18.7,26.7,9.2,0.0,0.0
2011-05-03,19.2,27.7,9.8,0.0,0.0
2011-05-04,21.1,30.3,11.5,0.0,0.0
2011-05-05,23.6,32.9,13.1,0.0,0.0
2011-05-06,23.0,31.5,13.0,0.0,0.0
2011-05-07,19.8,26.3,12.6,0.0,0.0
2011-05-08,14.0,17.2,10.9,3.5,3.5
2011-05-09,12.6,17.0,8.6,0.9,0.9
2011-05-10,14.2,20.9,6.1,0.0,0.0
2011-05-11,17.8,25.0,8.8,0.0,0.0
2011-05-12,19.5,27.5,10.6,0.0,0.0
2011-05-13,21.1,28.6,12.1,0.0,0.0
2011-05-14,16.9,20.8,12.2,0.0,0.0
2011-05-15,11.7,14.7,8.0,13.2,13.2
2011-05-16,11.8,15.0,8.4,1.6,1.6
2011-05-17,11.7,14.7,9.5,12.8,12.8
2011-05-18,12.8,17.2,8.6,9.5,9.5
2011-05-19,15.1,20.4,8.5,0.0,0.0
2011-05-20,17.3,24.2,9.4,0.0,0.0
2011-05-21,19.0,24.9,12.8,0.0,0.0
2011-05-22,17.7,24.0,10.6,0.0,0.0
2011-05-23,15.3,20.7,9.8,0.0,0.0
2011-05-24,16.3,23.1,7.8,0.0,0.0
2011-05-25,18.2,25.8,10.9,0.0,0.0
2011-05-26,16.5,22.5,10.3,0.0,0.0
2011-05-27,17.7,24.1,10.9,0.0,0.0
2011-05-28,16.8,22.2,11.9,0.0,0.0
2011-05-29,13.3,18.1,8.6,2.8,2.8
2011-05-30,16.1,23.2,7.5,0.0,0.0
2011-05-31,17.6,24.6,10.0,0.0,0.0
2011-06-01,15.1,19.5,10.7,0.0,0.0
2011-06-02,15.5,22.0,7.7,0.0,0.0
2011-06-03,16.7,22.4,9.5,0.0,0.0
2011-06-04,15.4,17.3,13.7,5.0,5.0
2011-06-05,16.4,20.9,12.4,17.7,17.7
2011-06-06,15.6,19.8,12.1,7.4,7.4
2011-06-07,17.3,22.0,11.5,0.0,0.0
2011-06-08,20.0,25.5,13.0,0.0,0.0
2011-06-09,21.0,27.9,12.7,0.0,0.0
2011-06-10,21.7,28.5,14.0,0.0,0.0
2011-06-11,19.7,25.7,12.6,0.0,0.0
2011-06-12,20.2,26.6,13.0,0.0,0.0
2011-06-13,23.1,29.8,14.2,0.0,0.0
2011-06-14,25.7,33.3,17.1,0.0,0.0
2011-06-15,26.0,33.5,16.6,0.0,0.0
2011-06-16,25.2,32.0,16.5,0.0,0.0
2011-06-17,24.3,30.2,17.6,0.0,0.0
2011-06-18,24.5,31.4,16.1,0.0,0.0
2011-06-19,24.5,30.8,16.0,0.0,0.0
2011-06-20,27.1,34.9,17.7,0.0,0.0
2011-06-21,29.4,38.0,19.7,0.0,0.0
2011-06-22,29.7,38.1,19.2,0.0,0.0
2011-06-23,28.6,35.9,20.0,0.0,0.0
2011-06-24,26.7,33.9,18.3,0.0,0.0
2011-06-25,25.8,33.2,17.1,0.0,0.0
2011-06-26,25.6,33.2,16.2,0.0,0.0
2011-06-27,26.8,34.4,17.1,0.0,0.0
2011-06-28,25.4,32.1,18.3,0.0,0.0
2011-06-29,18.3,21.5,15.6,19.5,19.5
2011-06-30,21.0,27.3,14.9,0.0,0.0
2011-07-01,25.2,32.5,17.8,0.0,0.0
2011-07-02,27.6,36.5,17.9,0.0,0.0
2011-07-03,29.0,37.7,18.9,0.0,0.0
2011-07-04,29.7,37.8,19.9,0.0,0.0
2011-07-05,29.3,35.6,21.5,0.0,0.0
2011-07-06,30.5,37.2,22.7,0.0,0.0
2011-07-07,30.5,37.0,22.7,0.0,0.0
2011-07-08,30.2,37.4,21.6,0.0,0.0
2011-07-09,29.3,36.3,21.1,0.0,0.0
2011-07-10,27.4,34.9,18.4,0.0,0.0
2011-07-11,25.4,32.2,18.0,0.0,0.0
2011-07-12,24.4,30.7,17.5,0.0,0.0
2011-07-13,23.6,29.0,17.7,0.0,0.0
2011-07-14,22.5,27.8,16.8,0.0,0.0
2011-07-15,22.4,28.4,16.3,0.0,0.0
2011-07-16,23.0,29.2,16.4,0.0,0.0
2011-07-17,24.3,31.2,16.8,0.0,0.0
2011-07-18,25.6,33.4,16.4,0.0,0.0
2011-07-19,26.0,33.6,17.5,0.0,0.0
2011-07-20,27.2,34.9,17.8,0.0,0.0
2011-07-21,27.7,35.3,17.9,0.0,0.0
2011-07-22,27.5,34.8,18.7,0.0,0.0
2011-07-23,28.0,35.0,19.9,0.0,0.0
2011-07-24,28.9,36.4,20.2,0.0,0.0
2011-07-25,28.0,35.7,19.2,0.0,0.0
2011-07-26,27.3,34.8,18.0,0.0,0.0
2011-07-27,27.8,35.6,18.5,0.0,0.0
2011-07-28,28.7,37.0,18.8,0.0,0.0
2011-07-29,30.0,36.9,21.8,0.0,0.0
2011-07-30,30.3,36.9,23.7,0.0,0.0
2011-07-31,29.3,35.3,23.2,0.2,0.2
2011-08-01,29.7,37.1,21.3,0.0,0.0
2011-08-02,30.3,37.9,21.8,0.0,0.0
2011-08-03,29.4,37.0,20.3,0.0,0.0
2011-08-04,26.8,33.4,19.0,0.0,0.0
2011-08-05,26.5,33.5,18.5,0.0,0.0
2011-08-06,27.3,34.4,18.7,0.0,0.0
2011-08-07,27.3,34.5,18.9,0.0,0.0
2011-08-08,27.5,35.0,18.6,0.0,0.0
2011-08-09,27.4,35.1,18.3,0.0,0.0
2011-08-10,27.0,34.7,17.7,0.0,0.0
2011-08-11,27.2,33.6,20.0,0.0,0.0
2011-08-12,26.7,34.0,18.3,0.0,0.0
2011-08-13,28.3,35.6,19.7,0.0,0.0
2011-08-14,28.2,36.3,19.2,0.0,0.0
2011-08-15,27.8,35.5,18.5,0.0,0.0
2011-08-16,26.9,34.9,17.5,0.0,0.0
2011-08-17,27.4,35.3,18.6,0.0,0.0
2011-08-18,27.4,34.4,18.2,0.0,0.0
2011-08-19,26.6,33.0,18.7,0.0,0.0
2011-08-20,25.9,32.3,17.6,0.0,0.0
2011-08-21,26.2,32.8,19.0,0.0,0.0
2011-08-22,26.4,33.7,18.7,0.0,0.0
2011-08-23,28.4,36.6,19.3,0.0,0.0
2011-08-24,30.0,37.7,20.9,0.0,0.0
2011-08-25,29.3,37.3,20.5,0.0,0.0
2011-08-26,30.2,38.7,20.3,0.0,0.0
2011-08-27,32.2,38.9,24.0,0.0,0.0
2011-08-28,30.9,38.5,22.5,0.0,0.0
2011-08-29,29.7,37.6,21.0,0.0,0.0
2011-08-30,27.9,35.5,19.1,0.0,0.0
2011-08-31,26.7,33.6,18.7,0.0,0.0
2011-09-01,27.0,34.3,18.7,0.0,0.0
2011-09-02,27.9,36.0,18.9,0.0,0.0
2011-09-03,28.2,36.3,19.3,0.0,0.0
2011-09-04,28.1,36.4,18.4,0.0,0.0
2011-09-05,27.4,35.9,18.6,0.0,0.0
2011-09-06,27.5,36.0,18.4,0.0,0.0
2011-09-07,28.6,37.4,19.2,0.0,0.0
2011-09-08,28.3,35.4,20.9,0.0,0.0
2011-09-09,27.5,33.8,19.3,0.0,0.0
2011-09-10,28.4,33.7,21.8,0.3,0.3
2011-09-11,26.2,30.3,21.5,0.0,0.0
2011-09-12,25.2,32.1,17.7,0.0,0.0
2011-09-13,25.9,32.6,18.1,0.0,0.0
2011-09-14,25.8,32.1,18.9,0.0,0.0
2011-09-15,25.9,33.0,18.1,0.0,0.0
2011-09-16,24.1,29.6,18.9,0.0,0.0
2011-09-17,22.8,29.0,15.7,0.0,0.0
2011-09-18,24.8,32.7,16.3,0.0,0.0
2011-09-19,26.6,35.2,17.4,0.0,0.0
2011-09-20,27.2,35.6,18.2,0.0,0.0
2011-09-21,27.4,35.7,19.1,0.0,0.0
2011-09-22,27.2,35.2,18.7,0.0,0.0
2011-09-23,28.0,36.2,19.6,0.0,0.0
2011-09-24,27.4,33.7,20.4,0.0,0.0
2011-09-25,22.2,27.1,17.2,0.0,0.0
2011-09-26,21.3,27.3,16.2,0.0,0.0
2011-09-27,24.2,31.6,16.2,0.0,0.0
2011-09-28,25.9,34.5,17.9,0.0,0.0
2011-09-29,27.0,35.6,18.4,0.0,0.0
2011-09-30,25.9,32.7,19.1,0.0,0.0
2011-10-01,24.6,31.4,17.2,0.0,0.0
2011-10-02,23.4,29.7,17.6,0.0,0.0
2011-10-03,21.6,27.0,16.9,0.0,0.0
2011-10-04,17.9,21.2,14.8,1.4,1.4
2011-10-05,13.9,16.8,11.5,38.0,38.0
2011-10-06,12.8,16.3,10.1,1.6,1.6
2011-10-07,13.4,17.9,10.0,0.0,0.0
2011-10-08,15.4,21.2,9.8,0.0,0.0
2011-10-09,17.4,24.7,10.7,0.0,0.0
2011-10-10,17.9,23.6,12.0,0.0,0.0
2011-10-11,19.8,26.1,13.7,0.0,0.0
2011-10-12,19.8,26.0,13.5,0.0,0.0
2011-10-13,21.3,29.5,14.0,0.0,0.0
2011-10-14,22.0,30.5,14.5,0.0,0.0
2011-10-15,22.4,30.3,14.9,0.0,0.0
2011-10-16,21.4,28.3,15.2,0.0,0.0
2011-10-17,20.7,27.7,14.6,0.0,0.0
2011-10-18,21.6,29.1,14.6,0.0,0.0
2011-10-19,20.0,25.3,14.6,0.0,0.0
2011-10-20,19.8,25.9,14.0,0.0,0.0
2011-10-21,18.8,25.0,12.3,0.0,0.0
2011-10-22,19.5,26.8,13.0,0.0,0.0
2011-10-23,20.5,29.1,13.4,0.0,0.0
2011-10-24,20.2,28.2,13.6,0.0,0.0
2011-10-25,17.9,22.8,13.8,0.0,0.0
2011-10-26,16.1,20.1,12.0,0.0,0.0
2011-10-27,15.6,22.4,8.8,0.0,0.0
2011-10-28,16.4,24.2,9.0,0.0,0.0
2011-10-29,16.2,23.5,9.4,0.0,0.0
2011-10-30,17.5,26.8,10.2,0.0,0.0
2011-10-31,17.3,25.6,9.8,0.0,0.0
2011-11-01,16.0,22.5,10.0,0.0,0.0
2011-11-02,16.4,23.4,10.0,0.0,0.0
2011-11-03,15.3,23.4,9.2,0.6,0.6
2011-11-04,10.2,13.6,7.9,6.8,6.8
2011-11-05,9.0,12.9,4.6,0.2,0.2
2011-11-06,8.7,11.9,6.0,9.2,9.2
2011-11-07,7.9,13.4,3.4,0.0,0.0
2011-11-08,9.4,15.2,2.9,0.0,0.0
2011-11-09,10.7,18.9,3.9,0.0,0.0
2011-11-10,12.6,21.1,5.1,0.0,0.0
2011-11-11,13.5,20.2,8.9,4.2,4.2
2011-11-12,12.3,16.4,9.6,1.0,1.0
2011-11-13,11.5,16.8,7.2,0.0,0.0
2011-11-14,11.8,17.0,6.9,0.0,0.0
2011-11-15,11.9,17.2,6.3,0.0,0.0
2011-11-16,11.6,17.4,6.0,0.0,0.0
2011-11-17,12.5,19.1,6.7,0.0,0.0
2011-11-18,10.6,14.6,7.2,0.0,0.0
2011-11-19,9.1,12.0,6.6,0.0,0.0
2011-11-20,8.1,10.5,4.5,14.7,14.7
2011-11-21,7.4,14.2,1.6,0.0,0.0
2011-11-22,8.9,15.9,3.6,0.0,0.0
2011-11-23,11.4,19.7,4.9,0.0,0.0
2011-11-24,11.4,16.4,6.6,0.0,0.0
2011-11-25,10.1,14.8,5.9,0.0,0.0
2011-11-26,11.8,19.5,5.9,0.0,0.0
2011-11-27,13.6,22.7,6.6,0.0,0.0
2011-11-28,12.8,19.4,7.8,0.0,0.0
2011-11-29,11.8,19.2,6.7,0.0,0.0
2011-11-30,9.9,15.1,6.0,0.0,0.0
2011-12-01,11.4,17.5,6.3,0.0,0.0
2011-12-02,8.8,14.3,3.3,0.0,0.0
2011-12-03,7.5,14.3,1.6,0.0,0.0
2011-12-04,6.7,12.2,1.2,0.0,0.0
2011-12-05,6.9,13.4,0.7,0.0,0.0
2011-12-06,6.6,12.7,0.6,0.0,0.0
2011-12-07,6.5,13.7,0.6,0.0,0.0
2011-12-08,6.7,14.2,0.5,0.0,0.0
2011-12-09,8.3,15.8,2.6,0.0,0.0
2011-12-10,8.2,16.0,2.4,0.0,0.0
2011-12-11,7.7,14.0,2.9,0.0,0.0
2011-12-12,7.9,11.7,4.8,0.0,0.0
2011-12-13,8.9,12.6,5.6,0.0,0.0
2011-12-14,8.4,12.3,4.3,0.0,0.0
2011-12-15,7.5,10.7,3.4,0.0,0.0
2011-12-16,6.7,12.3,2.5,0.0,0.0
2011-12-17,7.0,14.2,1.5,0.0,0.0
2011-12-18,8.1,13.8,2.5,0.0,0.0
2011-12-19,7.4,12.3,3.0,0.0,0.0
2011-12-20,6.8,13.0,1.8,0.0,0.0
2011-12-21,6.9,13.7,0.9,0.0,0.0
2011-12-22,6.4,13.5,0.7,0.0,0.0
2011-12-23,6.0,12.2,0.3,0.0,0.0
2011-12-24,6.6,15.2,0.5,0.0,0.0
2011-12-25,7.8,16.5,1.5,0.0,0.0
2011-12-26,7.2,15.4,1.3,0.0,0.0
2011-12-27,7.0,13.5,1.7,0.0,0.0
2011-12-28,8.2,15.4,2.1,0.0,0.0
2011-12-29,9.8,16.4,3.9,0.0,0.0
2011-12-30,9.0,15.0,4.6,0.0,0.0
2011-12-31,8.4,15.0,3.5,0.0,0.0
2012-01-01,10.6,22.0,2.7,0.0,0.0
2012-01-02,12.1,22.2,5.1,0.0,0.0
2012-01-03,11.8,20.2,6.0,0.0,0.0
2012-01-04,11.9,21.7,5.0,0.0,0.0
2012-01-05,12.2,19.7,5.5,0.0,0.0
2012-01-06,10.8,17.2,4.9,0.0,0.0
2012-01-07,8.2,12.8,3.8,0.0,0.0
2012-01-08,9.3,15.9,2.8,0.0,0.0
2012-01-09,10.4,18.8,3.8,0.0,0.0
2012-01-10,10.9,19.3,4.6,0.0,0.0
2012-01-11,10.0,18.7,3.4,0.0,0.0
2012-01-12,9.4,18.3,2.6,0.0,0.0
2012-01-13,9.6,18.5,2.9,0.0,0.0
2012-01-14,10.2,19.3,2.5,0.0,0.0
2012-01-15,10.5,18.1,4.7,0.0,0.0
2012-01-16,6.2,10.5,3.3,0.0,0.0
2012-01-17,6.0,10.8,2.7,0.0,0.0
2012-01-18,7.9,13.1,3.9,0.0,0.0
2012-01-19,7.8,14.4,1.5,0.0,0.0
2012-01-20,9.6,11.1,7.5,8.0,8.0
2012-01-21,9.0,11.4,3.1,48.2,48.2
2012-01-22,7.0,12.3,1.9,3.3,3.3
2012-01-23,9.2,11.1,7.9,19.4,19.4
2012-01-24,8.1,10.9,5.5,0.0,0.0
2012-01-25,9.2,14.4,4.5,0.0,0.0
2012-01-26,10.1,16.0,4.3,0.0,0.0
2012-01-27,10.9,15.4,7.5,0.0,0.0
2012-01-28,10.1,17.0,4.2,0.0,0.0
2012-01-29,10.7,19.6,2.9,0.0,0.0
2012-01-30,9.9,15.5,4.5,0.7,0.7
2012-01-31,10.7,17.0,4.7,0.0,0.0
2012-02-01,10.4,15.7,5.4,0.0,0.0
2012-02-02,8.7,12.4,6.2,0.0,0.0
2012-02-03,9.4,16.4,3.5,0.0,0.0
2012-02-04,9.8,17.2,3.8,0.0,0.0
2012-02-05,9.7,17.7,2.8,0.0,0.0
2012-02-06,10.7,18.3,4.3,0.0,0.0
2012-02-07,11.5,16.3,9.0,0.6,0.6
2012-02-08,10.9,17.9,5.0,0.0,0.0
2012-02-09,11.9,20.4,5.0,0.0,0.0
2012-02-10,12.8,20.4,5.8,0.0,0.0
2012-02-11,10.1,12.8,8.2,5.8,5.8
2012-02-12,10.1,12.6,8.1,0.2,0.2
2012-02-13,7.9,11.1,3.2,12.9,12.9
2012-02-14,6.2,9.6,1.8,0.0,0.0
2012-02-15,6.6,11.2,3.4,5.0,5.0
2012-02-16,6.6,13.8,0.4,0.0,0.0
2012-02-17,8.5,15.6,1.4,0.0,0.0
2012-02-18,9.0,15.0,3.6,0.0,0.0
2012-02-19,7.8,13.0,3.1,0.0,0.0
2012-02-20,8.7,14.3,3.5,0.0,0.0
2012-02-21,9.3,15.3,3.5,0.0,0.0
2012-02-22,11.3,18.6,5.0,0.0,0.0
2012-02-23,12.1,18.9,5.8,0.0,0.0
2012-02-24,14.4,23.5,6.4,0.0,0.0
2012-02-25,11.8,18.1,6.7,0.0,0.0
2012-02-26,10.1,15.8,4.6,0.0,0.0
2012-02-27,8.6,11.0,5.6,0.3,0.3
2012-02-28,8.1,12.3,4.6,0.0,0.0
2012-02-29,7.8,11.4,5.3,12.0,12.0
2012-03-01,7.6,11.0,4.6,0.2,0.2
2012-03-02,8.5,13.5,5.2,0.0,0.0
2012-03-03,10.8,19.1,3.5,0.0,0.0
2012-03-04,13.3,23.2,4.5,0.0,0.0
2012-03-05,14.2,23.5,5.6,0.0,0.0
2012-03-06,8.7,10.4,7.0,2.3,2.3
2012-03-07,6.9,12.4,0.6,0.0,0.0
2012-03-08,10.0,18.8,2.1,0.0,0.0
2012-03-09,12.7,22.0,4.2,0.0,0.0
2012-03-10,12.7,20.6,4.7,0.0,0.0
2012-03-11,11.5,16.9,6.3,0.0,0.0
2012-03-12,12.3,17.9,6.1,0.0,0.0
2012-03-13,13.4,18.7,6.1,0.0,0.0
2012-03-14,13.7,18.6,9.3,0.0,0.0
2012-03-15,14.6,20.7,8.3,0.5,0.5
2012-03-16,13.2,16.5,9.9,6.7,6.7
2012-03-17,8.4,12.0,3.4,49.4,48.0
2012-03-18,5.0,8.7,2.9,16.7,16.6
2012-03-19,4.9,8.7,0.7,0.0,0.0
2012-03-20,8.4,15.4,1.1,0.0,0.0
2012-03-21,12.1,20.0,4.5,0.0,0.0
2012-03-22,14.2,19.0,9.7,0.0,0.0
2012-03-23,12.3,17.1,8.1,3.2,3.2
2012-03-24,13.0,19.6,6.2,0.0,0.0
2012-03-25,9.2,12.3,7.3,17.2,17.2
2012-03-26,10.6,15.7,6.1,7.0,7.0
2012-03-27,12.7,17.3,8.1,0.0,0.0
2012-03-28,13.4,18.3,10.1,5.4,5.4
2012-03-29,13.3,20.1,6.9,0.0,0.0
2012-03-30,14.9,20.9,8.1,0.0,0.0
2012-03-31,12.8,19.0,7.9,9.7,9.7
2012-04-01,9.6,14.7,5.3,0.6,0.6
2012-04-02,10.5,16.4,3.7,0.0,0.0
2012-04-03,13.8,20.5,6.5,0.0,0.0
2012-04-04,12.3,15.8,9.3,0.0,0.0
2012-04-05,9.2,12.9,5.4,0.0,0.0
2012-04-06,9.7,16.2,2.9,0.0,0.0
2012-04-07,13.0,23.6,2.8,0.0,0.0
2012-04-08,15.4,25.5,4.9,0.0,0.0
2012-04-09,16.4,25.7,6.3,0.0,0.0
2012-04-10,15.3,20.9,9.9,0.0,0.0
2012-04-11,10.3,12.9,7.8,20.6,20.6
2012-04-12,9.9,13.5,5.7,10.7,10.7
2012-04-13,8.2,10.1,6.3,35.6,35.6
2012-04-14,9.0,13.0,5.1,0.7,0.7
2012-04-15,11.9,18.7,3.9,0.0,0.0
2012-04-16,15.0,22.4,7.2,0.0,0.0
2012-04-17,16.3,23.2,8.9,0.0,0.0
2012-04-18,16.3,23.0,9.1,0.0,0.0
2012-04-19,17.1,23.3,10.7,0.0,0.0
2012-04-20,20.8,29.4,12.3,0.0,0.0
2012-04-21,22.2,31.2,12.8,0.0,0.0
2012-04-22,23.6,32.9,13.6,0.0,0.0
2012-04-23,21.5,27.0,15.5,0.0,0.0
2012-04-24,19.0,23.5,14.8,0.0,0.0
2012-04-25,19.2,25.6,14.6,2.7,2.7
2012-04-26,15.2,16.8,12.7,18.2,18.2
2012-04-27,14.1,19.9,8.2,0.0,0.0
2012-04-28,16.5,22.4,9.1,0.0,0.0
2012-04-29,19.4,27.7,10.9,0.0,0.0
2012-04-30,20.7,28.8,11.1,0.0,0.0
2012-05-01,19.0,24.9,13.4,0.0,0.0
2012-05-02,17.4,23.6,11.0,0.0,0.0
2012-05-03,17.3,23.1,10.9,0.0,0.0
2012-05-04,16.9,22.5,11.3,0.0,0.0
2012-05-05,16.4,23.4,8.8,0.0,0.0
2012-05-06,18.7,26.8,9.8,0.0,0.0
2012-05-07,19.9,28.1,11.2,0.0,0.0
2012-05-08,21.4,30.2,12.8,0.0,0.0
2012-05-09,22.9,32.0,12.7,0.0,0.0
2012-05-10,22.2,30.3,12.9,0.0,0.0
2012-05-11,21.6,29.6,11.8,0.0,0.0
2012-05-12,22.9,31.1,13.2,0.0,0.0
2012-05-13,23.3,31.6,14.1,0.0,0.0
2012-05-14,19.9,25.6,14.0,0.0,0.0
2012-05-15,20.0,26.7,11.6,0.0,0.0
2012-05-16,22.3,29.9,13.3,0.0,0.0
2012-05-17,21.9,29.2,14.2,0.0,0.0
2012-05-18,19.6,26.0,13.2,0.0,0.0
2012-05-19,22.6,30.4,13.0,0.0,0.0
2012-05-20,23.8,32.7,13.7,0.0,0.0
2012-05-21,24.1,32.1,14.9,0.0,0.0
2012-05-22,22.5,29.8,14.3,0.0,0.0
2012-05-23,21.2,27.3,14.9,0.0,0.0
2012-05-24,20.1,27.1,13.0,0.0,0.0
2012-05-25,13.8,16.6,9.9,0.3,0.3
2012-05-26,14.6,20.0,8.5,0.1,0.1
2012-05-27,17.0,24.2,8.2,0.0,0.0
2012-05-28,19.6,27.0,11.0,0.0,0.0
2012-05-29,20.9,28.5,12.1,0.0,0.0
2012-05-30,22.6,30.4,13.4,0.0,0.0
2012-05-31,25.7,34.3,15.5,0.0,0.0
2012-06-01,27.6,36.4,17.0,0.0,0.0
2012-06-02,26.0,33.3,17.6,0.0,0.0
2012-06-03,24.9,32.0,16.2,0.0,0.0
2012-06-04,20.5,26.8,14.8,5.9,5.9
2012-06-05,15.8,20.6,11.2,0.0,0.0
2012-06-06,18.1,24.8,11.6,0.0,0.0
2012-06-07,22.1,29.3,13.5,0.0,0.0
2012-06-08,22.1,29.0,14.3,0.0,0.0
2012-06-09,20.8,27.5,13.2,0.0,0.0
2012-06-10,22.6,29.9,13.2,0.0,0.0
2012-06-11,24.9,33.9,14.0,0.0,0.0
2012-06-12,26.1,35.1,14.9,0.0,0.0
2012-06-13,25.0,32.2,16.3,0.0,0.0
2012-06-14,26.3,33.1,17.7,0.0,0.0
2012-06-15,26.1,32.6,18.7,0.0,0.0
2012-06-16,28.7,36.2,19.0,0.0,0.0
2012-06-17,30.6,38.9,21.2,0.0,0.0
2012-06-18,29.0,36.4,19.9,0.0,0.0
2012-06-19,27.0,33.6,19.3,0.0,0.0
2012-06-20,27.6,34.6,17.5,0.0,0.0
2012-06-21,26.8,34.1,18.4,0.0,0.0
2012-06-22,23.3,29.0,17.1,0.0,0.0
2012-06-23,22.2,27.9,15.8,0.0,0.0
2012-06-24,21.4,27.7,14.9,0.0,0.0
2012-06-25,21.7,27.5,15.2,0.0,0.0
2012-06-26,21.9,28.6,14.5,0.0,0.0
2012-06-27,24.4,31.9,14.1,0.0,0.0
2012-06-28,25.7,33.9,15.4,0.0,0.0
2012-06-29,24.9,32.1,15.8,0.0,0.0
2012-06-30,25.4,31.8,18.4,0.0,0.0
2012-07-01,25.3,31.2,18.7,0.0,0.0
2012-07-02,26.2,32.7,19.9,0.0,0.0
2012-07-03,27.2,33.6,19.0,0.0,0.0
2012-07-04,27.9,35.0,18.3,0.0,0.0
2012-07-05,27.6,33.9,19.9,0.0,0.0
2012-07-06,27.2,34.8,18.2,0.0,0.0
2012-07-07,28.7,36.7,19.5,0.0,0.0
2012-07-08,29.1,36.8,20.3,0.0,0.0
2012-07-09,29.4,37.7,19.4,0.0,0.0
2012-07-10,30.8,39.0,21.1,0.0,0.0
2012-07-11,32.2,40.7,21.8,0.0,0.0
2012-07-12,32.3,39.6,22.7,0.0,0.0
2012-07-13,32.3,38.5,24.7,0.0,0.0
2012-07-14,28.8,35.6,20.0,0.0,0.0
2012-07-15,28.3,35.3,20.4,0.0,0.0
2012-07-16,27.5,33.3,21.4,0.0,0.0
2012-07-17,23.9,29.8,16.8,0.0,0.0
2012-07-18,25.2,31.5,17.8,0.0,0.0
2012-07-19,27.4,34.4,20.1,0.0,0.0
2012-07-20,28.5,36.4,19.2,0.0,0.0
2012-07-21,30.6,38.8,20.2,0.0,0.0
2012-07-22,31.8,38.6,23.9,0.0,0.0
2012-07-23,30.6,37.0,23.0,0.0,0.0
2012-07-24,29.1,35.5,20.8,0.0,0.0
2012-07-25,28.3,35.2,20.3,0.0,0.0
2012-07-26,28.1,34.2,20.7,0.0,0.0
2012-07-27,27.1,33.1,20.4,0.0,0.0
2012-07-28,26.8,33.9,18.3,0.0,0.0
2012-07-29,27.0,34.8,17.9,0.0,0.0
2012-07-30,28.6,36.9,18.3,0.0,0.0
2012-07-31,29.6,38.1,19.3,0.0,0.0
2012-08-01,29.9,38.2,20.0,0.0,0.0
2012-08-02,29.8,38.4,19.6,0.0,0.0
2012-08-03,29.2,36.4,20.0,0.0,0.0
2012-08-04,29.7,35.5,22.3,0.0,0.0
2012-08-05,28.9,36.7,20.4,0.0,0.0
2012-08-06,28.9,37.0,20.1,0.0,0.0
2012-08-07,29.6,37.8,20.5,0.0,0.0
2012-08-08,30.7,38.7,22.1,0.0,0.0
2012-08-09,32.1,40.2,23.1,0.0,0.0
2012-08-10,33.2,41.6,23.3,0.0,0.0
2012-08-11,33.8,42.5,23.9,0.0,0.0
2012-08-12,33.6,40.7,25.5,0.0,0.0
2012-08-13,34.2,41.8,26.2,0.0,0.0
2012-08-14,33.2,39.6,27.1,0.0,0.0
2012-08-15,32.0,38.6,24.2,0.0,0.0
2012-08-16,30.3,37.2,23.2,0.0,0.0
2012-08-17,30.0,36.5,23.0,0.0,0.0
2012-08-18,30.5,37.0,23.6,0.1,0.1
2012-08-19,30.1,36.6,24.0,0.0,0.0
2012-08-20,29.6,37.1,21.2,0.0,0.0
2012-08-21,28.9,35.2,21.7,0.0,0.0
2012-08-22,28.5,34.8,22.3,0.1,0.1
2012-08-23,28.3,35.5,19.9,0.0,0.0
2012-08-24,28.7,36.3,20.3,0.0,0.0
2012-08-25,28.6,35.0,21.9,0.0,0.0
2012-08-26,26.6,32.1,21.1,0.0,0.0
2012-08-27,26.4,35.6,16.8,0.0,0.0
2012-08-28,27.8,36.9,17.4,0.0,0.0
2012-08-29,28.5,36.9,18.5,0.0,0.0
2012-08-30,29.8,37.5,20.3,0.0,0.0
2012-08-31,27.1,32.6,20.7,0.0,0.0
2012-09-01,24.4,30.6,18.7,0.0,0.0
2012-09-02,25.3,33.3,16.7,0.0,0.0
2012-09-03,27.0,36.0,16.8,0.0,0.0
2012-09-04,28.1,35.9,18.7,0.0,0.0
2012-09-05,28.1,34.9,20.4,0.0,0.0
2012-09-06,27.6,33.0,22.1,0.5,0.5
2012-09-07,27.4,34.3,19.7,0.0,0.0
2012-09-08,28.2,35.5,21.9,0.0,0.0
2012-09-09,28.0,35.4,20.6,0.0,0.0
2012-09-10,28.0,35.3,20.2,0.0,0.0
2012-09-11,27.0,33.4,20.2,0.0,0.0
2012-09-12,26.8,34.1,19.0,0.0,0.0
2012-09-13,27.9,36.2,19.0,0.0,0.0
2012-09-14,29.0,37.7,19.2,0.0,0.0
2012-09-15,28.6,37.2,19.1,0.0,0.0
2012-09-16,27.9,35.8,19.1,0.0,0.0
2012-09-17,26.7,33.2,19.0,0.0,0.0
2012-09-18,25.8,33.0,18.9,0.0,0.0
2012-09-19,25.7,33.7,17.9,0.0,0.0
2012-09-20,25.7,33.4,17.7,0.0,0.0
2012-09-21,26.4,34.1,18.2,0.0,0.0
2012-09-22,27.3,35.1,19.5,0.0,0.0
2012-09-23,27.8,35.4,19.3,0.0,0.0
2012-09-24,26.6,33.2,19.7,0.0,0.0
2012-09-25,24.4,30.9,17.3,0.0,0.0
2012-09-26,25.3,33.0,17.2,0.0,0.0
2012-09-27,26.2,34.9,17.3,0.0,0.0
2012-09-28,26.3,34.0,18.3,0.0,0.0
2012-09-29,25.5,33.1,17.6,0.0,0.0
2012-09-30,26.1,34.5,18.3,0.0,0.0
2012-10-01,27.1,36.5,18.5,0.0,0.0
2012-10-02,27.3,36.0,18.7,0.0,0.0
2012-10-03,27.1,35.7,18.5,0.0,0.0
2012-10-04,24.4,30.7,17.7,0.0,0.0
2012-10-05,21.9,27.2,17.3,0.0,0.0
2012-10-06,20.9,26.4,16.1,0.0,0.0
2012-10-07,21.1,26.8,15.1,0.0,0.0
2012-10-08,20.1,25.3,15.9,0.0,0.0
2012-10-09,19.2,24.4,14.9,0.0,0.0
2012-10-10,18.6,22.7,14.3,0.0,0.0
2012-10-11,15.1,17.7,12.5,3.1,3.1
2012-10-12,14.5,16.9,12.8,2.4,2.4
2012-10-13,16.4,21.5,11.8,0.0,0.0
2012-10-14,18.8,27.0,11.1,0.0,0.0
2012-10-15,19.8,27.4,12.4,0.0,0.0
2012-10-16,20.8,27.6,13.4,0.0,0.0
2012-10-17,21.8,28.8,15.3,0.0,0.0
2012-10-18,23.0,32.2,14.9,0.0,0.0
2012-10-19,21.4,27.9,15.7,0.0,0.0
2012-10-20,19.9,26.0,13.6,0.0,0.0
2012-10-21,18.5,23.9,14.3,0.0,0.0
2012-10-22,14.0,17.8,11.2,10.9,10.9
2012-10-23,12.8,16.1,9.3,0.4,0.4
2012-10-24,13.3,18.4,9.4,0.0,0.0
2012-10-25,14.5,19.5,10.0,0.0,0.0
2012-10-26,14.7,20.5,10.0,0.0,0.0
2012-10-27,16.4,23.8,9.8,0.0,0.0
2012-10-28,18.0,27.3,10.0,0.0,0.0
2012-10-29,18.6,27.2,11.2,0.0,0.0
2012-10-30,18.7,27.3,11.5,0.0,0.0
2012-10-31,17.9,25.5,10.9,0.0,0.0
2012-11-01,16.0,19.3,12.8,0.0,0.0
2012-11-02,15.7,21.1,10.0,0.0,0.0
2012-11-03,16.0,23.0,9.9,0.0,0.0
2012-11-04,17.3,25.0,10.2,0.0,0.0
2012-11-05,18.7,27.0,11.5,0.0,0.0
2012-11-06,19.3,28.6,12.1,0.0,0.0
2012-11-07,18.5,26.5,11.3,0.0,0.0
2012-11-08,13.9,17.0,10.4,1.1,1.1
2012-11-09,8.7,10.7,5.0,3.0,3.0
2012-11-10,7.3,11.5,3.7,0.5,0.5
2012-11-11,7.4,13.3,2.5,0.0,0.0
2012-11-12,9.3,17.3,3.5,0.0,0.0
2012-11-13,10.6,19.3,3.9,0.0,0.0
2012-11-14,12.7,22.3,5.1,0.0,0.0
2012-11-15,13.7,22.5,6.0,0.0,0.0
2012-11-16,13.9,18.5,8.9,2.4,2.4
2012-11-17,13.1,14.9,11.5,22.2,22.2
2012-11-18,13.2,16.7,10.3,3.9,3.9
2012-11-19,14.3,17.3,11.1,0.0,0.0
2012-11-20,13.1,19.1,7.6,0.0,0.0
2012-11-21,12.4,17.9,8.4,0.0,0.0
2012-11-22,11.6,16.7,8.2,0.0,0.0
2012-11-23,12.0,20.2,6.2,0.0,0.0
2012-11-24,12.4,21.1,6.3,0.0,0.0
2012-11-25,11.5,19.5,5.7,0.0,0.0
2012-11-26,11.8,20.5,5.1,0.0,0.0
2012-11-27,12.3,20.9,5.6,0.0,0.0
2012-11-28,11.5,15.8,7.4,7.6,7.6
2012-11-29,13.8,17.9,10.5,2.9,2.9
2012-11-30,13.4,14.1,12.4,37.6,37.6
2012-12-01,13.6,15.6,11.3,9.7,9.7
2012-12-02,13.2,14.2,12.5,38.2,38.2
2012-12-03,13.5,16.3,9.8,5.3,5.3
2012-12-04,12.9,17.5,7.9,0.0,0.0
2012-12-05,13.2,17.3,9.9,2.3,2.3
2012-12-06,12.6,15.2,9.8,0.0,0.0
2012-12-07,10.7,13.3,7.7,0.0,0.0
2012-12-08,8.8,13.6,4.8,0.0,0.0
2012-12-09,8.8,13.3,4.4,0.0,0.0
2012-12-10,10.2,16.6,5.0,0.0,0.0
2012-12-11,10.2,17.2,3.9,0.0,0.0
2012-12-12,9.0,12.9,5.6,12.6,12.6
2012-12-13,7.2,10.2,5.3,5.4,5.4
2012-12-14,5.9,8.3,3.2,0.0,0.0
2012-12-15,6.1,9.7,2.3,0.5,0.5
2012-12-16,6.7,12.2,0.7,0.0,0.0
2012-12-17,10.5,13.5,8.4,8.3,8.3
2012-12-18,7.5,9.9,3.2,5.1,5.1
2012-12-19,4.4,8.1,1.5,0.0,0.0
2012-12-20,5.7,13.4,0.2,0.0,0.0
2012-12-21,7.3,14.6,1.6,0.9,0.9
2012-12-22,7.3,9.4,4.6,22.1,22.1
2012-12-23,7.7,10.4,4.5,19.6,19.6
2012-12-24,9.6,13.2,6.1,3.6,3.6
2012-12-25,7.4,11.7,3.2,4.5,4.5
2012-12-26,7.1,9.4,4.8,17.8,17.8
2012-12-27,5.1,9.5,-0.3,0.7,0.7
2012-12-28,5.8,10.7,-0.1,0.0,0.0
2012-12-29,6.1,10.0,2.8,1.4,1.4
2012-12-30,5.1,9.4,2.0,0.0,0.0
2012-12-31,5.5,8.4,2.2,0.0,0.0
2013-01-01,5.7,10.4,2.2,0.0,0.0
2013-01-02,5.2,11.5,0.2,0.0,0.0
2013-01-03,5.4,12.9,-0.3,0.0,0.0
2013-01-04,6.1,13.3,-0.3,0.0,0.0
2013-01-05,7.7,15.2,1.0,0.0,0.0
2013-01-06,7.2,10.3,4.8,8.6,8.6
2013-01-07,5.5,9.3,2.6,0.0,0.0
2013-01-08,7.1,13.5,2.3,0.0,0.0
2013-01-09,9.4,17.6,3.1,0.0,0.0
2013-01-10,5.3,7.9,2.2,5.1,5.1
2013-01-11,3.8,6.5,1.9,0.0,0.0
2013-01-12,3.7,6.7,1.8,0.0,0.0
2013-01-13,3.5,6.8,1.1,0.0,0.0
2013-01-14,3.3,6.5,1.1,0.0,0.0
2013-01-15,4.2,8.6,0.8,0.0,0.0
2013-01-16,5.9,12.7,0.6,0.0,0.0
2013-01-17,7.7,16.3,1.4,0.0,0.0
2013-01-18,8.2,17.4,0.8,0.0,0.0
2013-01-19,8.5,17.3,1.7,0.0,0.0
2013-01-20,8.3,17.1,0.9,0.0,0.0
2013-01-21,9.1,17.6,2.1,0.0,0.0
2013-01-22,10.4,19.7,3.0,0.0,0.0
2013-01-23,12.4,21.2,6.6,0.0,0.0
2013-01-24,12.2,14.9,10.2,10.9,10.9
2013-01-25,11.8,17.1,6.7,0.8,0.8
2013-01-26,11.9,15.5,8.8,4.4,4.4
2013-01-27,7.8,10.5,5.5,4.5,4.5
2013-01-28,6.2,9.5,3.4,0.0,0.0
2013-01-29,5.6,10.2,1.9,0.0,0.0
2013-01-30,8.4,15.5,1.9,0.0,0.0
2013-01-31,9.7,18.2,2.4,0.0,0.0
2013-02-01,10.4,19.3,2.7,0.0,0.0
2013-02-02,11.4,18.1,6.8,0.0,0.0
2013-02-03,11.2,17.4,5.2,0.0,0.0
2013-02-04,10.5,18.2,4.5,0.0,0.0
2013-02-05,10.3,17.2,4.7,0.0,0.0
2013-02-06,8.9,13.8,5.0,0.0,0.0
2013-02-07,7.6,12.9,2.7,1.6,1.6
2013-02-08,5.6,8.1,2.0,5.7,5.7
2013-02-09,5.2,9.1,1.2,0.0,0.0
2013-02-10,6.1,10.2,1.7,0.0,0.0
2013-02-11,6.6,12.0,2.0,0.0,0.0
2013-02-12,7.5,14.3,1.5,0.0,0.0
2013-02-13,8.3,15.5,2.1,0.0,0.0
2013-02-14,10.0,18.4,3.4,0.0,0.0
2013-02-15,11.9,19.6,6.0,0.0,0.0
2013-02-16,11.7,20.2,4.4,0.0,0.0
2013-02-17,10.3,18.3,2.8,0.0,0.0
2013-02-18,10.6,17.9,3.4,0.0,0.0
2013-02-19,6.7,9.2,2.7,13.6,10.7
2013-02-20,4.3,8.8,1.5,2.1,1.5
2013-02-21,5.4,11.0,0.9,0.0,0.0
2013-02-22,6.9,13.1,0.7,0.0,0.0
2013-02-23,7.6,12.7,2.8,0.0,0.0
2013-02-24,7.7,13.4,2.6,0.0,0.0
2013-02-25,8.5,15.8,2.1,0.0,0.0
2013-02-26,8.6,14.9,3.0,0.0,0.0
2013-02-27,10.1,17.4,2.7,0.0,0.0
2013-02-28,11.3,18.9,4.0,0.0,0.0
2013-03-01,13.0,21.7,5.5,0.0,0.0
2013-03-02,16.0,24.9,7.1,0.0,0.0
2013-03-03,13.9,17.9,9.0,1.3,1.3
2013-03-04,11.9,18.3,5.4,0.0,0.0
2013-03-05,13.1,20.2,6.3,0.0,0.0
2013-03-06,10.3,12.6,6.6,10.0,10.0
2013-03-07,9.6,12.4,6.9,1.6,1.6
2013-03-08,7.7,10.3,4.8,2.9,2.9
2013-03-09,9.5,14.6,6.3,0.0,0.0
2013-03-10,10.6,18.2,3.7,0.0,0.0
2013-03-11,12.7,20.5,5.6,0.0,0.0
2013-03-12,14.9,23.9,6.7,0.0,0.0
2013-03-13,16.7,26.8,7.6,0.0,0.0
2013-03-14,17.9,27.7,9.1,0.0,0.0
2013-03-15,17.0,24.7,9.7,0.0,0.0
2013-03-16,15.7,23.4,8.5,0.0,0.0
2013-03-17,14.3,21.3,7.2,0.0,0.0
2013-03-18,14.0,20.6,6.7,0.0,0.0
2013-03-19,16.0,22.7,8.6,0.0,0.0
2013-03-20,16.9,20.5,13.7,0.5,0.5
2013-03-21,13.8,19.7,7.8,0.0,0.0
2013-03-22,12.7,18.9,7.3,0.0,0.0
2013-03-23,12.1,18.6,5.4,0.0,0.0
2013-03-24,14.0,21.4,6.2,0.0,0.0
2013-03-25,14.9,22.3,7.0,0.0,0.0
2013-03-26,15.2,22.7,7.4,0.0,0.0
2013-03-27,15.2,21.9,7.8,0.0,0.0
2013-03-28,15.7,21.7,9.3,0.0,0.0
2013-03-29,17.3,25.7,8.3,0.0,0.0
2013-03-30,18.4,25.9,11.1,0.0,0.0
2013-03-31,15.6,21.0,11.3,12.1,12.1
2013-04-01,13.5,17.8,8.3,2.4,2.4
2013-04-02,15.2,20.5,8.7,0.0,0.0
2013-04-03,17.2,25.1,8.5,0.0,0.0
2013-04-04,15.9,20.4,11.9,1.0,1.0
2013-04-05,15.2,20.5,8.9,0.0,0.0
2013-04-06,14.9,21.5,8.3,0.0,0.0
2013-04-07,15.7,22.5,8.3,0.0,0.0
2013-04-08,12.0,17.0,7.0,4.1,4.1
2013-04-09,13.0,20.8,5.1,0.0,0.0
2013-04-10,16.0,23.6,8.2,0.0,0.0
2013-04-11,16.9,23.3,9.6,0.0,0.0
2013-04-12,18.4,26.2,9.8,0.0,0.0
2013-04-13,18.8,26.5,10.1,0.0,0.0
2013-04-14,17.3,24.1,9.8,0.0,0.0
2013-04-15,14.1,19.6,9.5,0.0,0.0
2013-04-16,11.7,17.1,6.8,0.2,0.2
2013-04-17,12.5,19.6,4.4,0.0,0.0
2013-04-18,14.4,22.0,5.7,0.0,0.0
2013-04-19,17.4,26.0,7.6,0.0,0.0
2013-04-20,18.9,27.3,9.1,0.0,0.0
2013-04-21,20.4,29.3,10.6,0.0,0.0
2013-04-22,21.4,30.4,11.3,0.0,0.0
2013-04-23,21.3,29.3,12.7,0.0,0.0
2013-04-24,21.4,30.0,11.2,0.0,0.0
2013-04-25,20.5,26.4,15.0,0.0,0.0
2013-04-26,20.8,28.6,12.2,0.0,0.0
2013-04-27,22.5,31.3,12.7,0.0,0.0
2013-04-28,23.7,32.6,13.7,0.0,0.0
2013-04-29,24.4,33.1,14.4,0.0,0.0
2013-04-30,23.7,31.0,14.7,0.0,0.0
2013-05-01,24.2,31.2,15.6,0.0,0.0
2013-05-02,24.7,33.0,15.4,0.0,0.0
2013-05-03,24.6,33.2,14.0,0.0,0.0
2013-05-04,24.1,31.8,14.5,0.0,0.0
2013-05-05,19.7,25.0,14.8,0.0,0.0
2013-05-06,18.3,23.7,15.1,2.3,2.3
2013-05-07,16.6,20.3,12.3,0.3,0.3
2013-05-08,18.2,22.1,14.1,0.0,0.0
2013-05-09,19.6,25.1,12.3,0.0,0.0
2013-05-10,22.1,29.2,14.6,0.0,0.0
2013-05-11,25.2,34.1,14.9,0.0,0.0
2013-05-12,27.2,36.1,16.7,0.0,0.0
2013-05-13,27.5,36.6,17.1,0.0,0.0
2013-05-14,25.2,31.5,17.4,0.0,0.0
2013-05-15,23.9,31.4,15.4,0.0,0.0
2013-05-16,19.7,22.8,15.6,0.0,0.0
2013-05-17,20.1,25.7,14.7,0.0,0.0
2013-05-18,20.6,27.9,11.3,0.0,0.0
2013-05-19,22.0,29.8,12.5,0.0,0.0
2013-05-20,24.8,32.4,14.5,0.0,0.0
2013-05-21,24.5,32.8,15.2,0.0,0.0
2013-05-22,19.1,23.9,13.9,0.0,0.0
2013-05-23,17.7,24.1,10.5,0.0,0.0
2013-05-24,20.0,27.2,11.9,0.0,0.0
2013-05-25,20.9,27.9,11.9,0.0,0.0
2013-05-26,20.5,26.9,13.5,0.0,0.0
2013-05-27,19.7,26.7,12.4,0.0,0.0
2013-05-28,20.7,27.1,15.3,0.0,0.0
2013-05-29,21.7,28.5,13.9,0.0,0.0
2013-05-30,22.9,31.0,13.3,0.0,0.0
2013-05-31,24.3,32.6,14.3,0.0,0.0
2013-06-01,28.1,37.6,16.9,0.0,0.0
2013-06-02,29.2,38.2,17.9,0.0,0.0
2013-06-03,27.4,34.5,19.7,0.0,0.0
2013-06-04,27.4,33.5,21.2,0.0,0.0
2013-06-05,27.0,34.6,19.6,0.0,0.0
2013-06-06,27.7,34.8,19.6,0.0,0.0
2013-06-07,29.5,37.9,19.7,0.0,0.0
2013-06-08,32.3,41.2,21.7,0.0,0.0
2013-06-09,30.0,35.9,23.5,0.0,0.0
2013-06-10,25.6,30.5,20.0,0.0,0.0
2013-06-11,27.1,35.2,18.0,0.0,0.0
2013-06-12,28.4,35.9,19.2,0.0,0.0
2013-06-13,25.7,32.6,19.1,0.0,0.0
2013-06-14,25.7,33.2,17.4,0.0,0.0
2013-06-15,26.5,34.4,15.9,0.0,0.0
2013-06-16,26.2,33.8,17.3,0.0,0.0
2013-06-17,26.1,33.8,17.3,0.0,0.0
2013-06-18,23.2,29.4,16.3,0.0,0.0
2013-06-19,21.4,28.6,14.3,0.0,0.0
2013-06-20,23.2,30.9,14.0,0.0,0.0
2013-06-21,24.3,31.9,14.8,0.0,0.0
2013-06-22,26.3,34.2,16.2,0.0,0.0
2013-06-23,24.3,29.6,16.8,0.0,0.0
2013-06-24,22.7,26.0,18.9,0.2,0.2
2013-06-25,26.1,32.7,19.3,0.0,0.0
2013-06-26,27.9,34.9,19.4,0.0,0.0
2013-06-27,30.1,37.9,21.1,0.0,0.0
2013-06-28,32.1,40.1,22.5,0.0,0.0
2013-06-29,33.7,42.2,23.0,0.0,0.0
2013-06-30,34.2,42.9,23.0,0.0,0.0
2013-07-01,34.7,42.6,24.6,0.0,0.0
2013-07-02,34.5,41.2,26.1,0.0,0.0
2013-07-03,34.5,41.6,26.8,0.0,0.0
2013-07-04,35.0,42.4,26.3,0.0,0.0
2013-07-05,33.8,40.5,26.6,0.0,0.0
2013-07-06,31.5,38.2,23.6,0.0,0.0
2013-07-07,31.9,39.1,22.5,0.0,0.0
2013-07-08,32.3,40.0,21.5,0.0,0.0
2013-07-09,32.5,40.8,21.3,0.0,0.0
2013-07-10,32.5,40.3,21.8,0.0,0.0
2013-07-11,31.7,37.1,26.2,0.0,0.0
2013-07-12,29.9,36.8,22.1,0.0,0.0
2013-07-13,30.1,38.1,19.7,0.0,0.0
2013-07-14,30.4,38.1,21.1,0.0,0.0
2013-07-15,30.4,36.7,23.3,0.0,0.0
2013-07-16,28.9,35.2,22.2,0.0,0.0
2013-07-17,27.8,35.0,19.7,0.0,0.0
2013-07-18,29.4,36.8,21.1,0.0,0.0
2013-07-19,30.7,38.5,21.3,0.0,0.0
2013-07-20,31.8,39.4,22.1,0.0,0.0
2013-07-21,32.7,39.6,25.0,0.0,0.0
2013-07-22,31.1,35.5,26.4,0.0,0.0
2013-07-23,30.7,35.5,25.5,0.0,0.0
2013-07-24,31.7,38.6,23.6,0.0,0.0
2013-07-25,32.4,39.1,25.7,0.0,0.0
2013-07-26,32.6,38.4,25.4,0.0,0.0
2013-07-27,32.5,37.8,26.8,0.0,0.0
2013-07-28,31.4,38.4,23.5,0.0,0.0
2013-07-29,30.4,37.0,23.2,0.0,0.0
2013-07-30,29.9,36.7,22.7,0.0,0.0
2013-07-31,29.6,36.3,22.9,0.0,0.0
2013-08-01,27.8,34.2,21.4,0.0,0.0
2013-08-02,27.1,34.4,18.4,0.0,0.0
2013-08-03,27.8,35.1,18.7,0.0,0.0
2013-08-04,28.1,36.1,18.7,0.0,0.0
2013-08-05,28.3,35.9,20.3,0.0,0.0
2013-08-06,27.8,35.0,20.3,0.0,0.0
2013-08-07,26.2,32.0,19.7,0.0,0.0
2013-08-08,25.5,31.6,18.5,0.0,0.0
2013-08-09,25.7,32.8,18.3,0.0,0.0
2013-08-10,25.7,32.8,17.1,0.0,0.0
2013-08-11,26.4,34.0,17.7,0.0,0.0
2013-08-12,27.3,35.7,17.9,0.0,0.0
2013-08-13,28.7,37.5,18.5,0.0,0.0
2013-08-14,29.3,37.8,19.2,0.0,0.0
2013-08-15,29.8,38.7,19.1,0.0,0.0
2013-08-16,30.4,39.0,20.8,0.0,0.0
2013-08-17,30.3,37.9,21.7,0.0,0.0
2013-08-18,30.4,38.5,21.5,0.0,0.0
2013-08-19,32.3,40.0,24.0,0.7,0.7
2013-08-20,31.6,37.6,23.7,1.0,1.0
2013-08-21,30.9,37.8,23.4,0.0,0.0
2013-08-22,29.9,37.4,21.3,0.0,0.0
2013-08-23,27.5,34.6,20.4,0.0,0.0
2013-08-24,27.2,35.0,18.4,0.0,0.0
2013-08-25,27.3,34.8,19.0,0.0,0.0
2013-08-26,27.5,35.3,18.7,0.0,0.0
2013-08-27,28.5,35.6,20.0,0.0,0.0
2013-08-28,29.8,36.7,21.7,0.0,0.0
2013-08-29,29.4,37.5,21.0,0.0,0.0
2013-08-30,29.5,37.4,21.1,0.0,0.0
2013-08-31,30.2,37.3,22.4,0.0,0.0
2013-09-01,29.5,35.5,22.5,0.0,0.0
2013-09-02,29.1,35.5,22.2,0.0,0.0
2013-09-03,28.9,34.6,22.4,0.0,0.0
2013-09-04,28.3,35.8,20.4,0.0,0.0
2013-09-05,27.8,35.1,20.1,0.0,0.0
2013-09-06,28.1,36.7,19.3,0.0,0.0
2013-09-07,29.8,39.1,19.5,0.0,0.0
2013-09-08,29.4,37.9,20.2,0.0,0.0
2013-09-09,29.3,37.0,20.5,0.0,0.0
2013-09-10,29.0,36.0,20.6,0.0,0.0
2013-09-11,27.3,33.1,21.4,0.0,0.0
2013-09-12,26.4,33.1,19.6,0.0,0.0
2013-09-13,27.0,33.7,19.4,0.0,0.0
2013-09-14,27.9,35.4,19.5,0.0,0.0
2013-09-15,27.1,35.2,18.8,0.0,0.0
2013-09-16,26.6,34.5,18.4,0.0,0.0
2013-09-17,23.9,29.7,18.5,0.0,0.0
2013-09-18,22.6,29.1,16.2,0.0,0.0
2013-09-19,25.1,34.2,15.6,0.0,0.0
2013-09-20,24.9,33.0,16.0,0.0,0.0
2013-09-21,20.4,25.8,15.6,2.7,2.7
2013-09-22,17.3,22.7,12.2,0.0,0.0
2013-09-23,20.5,28.3,14.0,0.0,0.0
2013-09-24,22.1,29.6,14.4,0.0,0.0
2013-09-25,18.2,22.3,13.6,0.0,0.0
2013-09-26,16.9,21.9,12.6,0.0,0.0
2013-09-27,17.4,24.3,9.2,0.0,0.0
2013-09-28,19.9,29.1,10.3,0.0,0.0
2013-09-29,21.5,30.8,12.1,0.0,0.0
2013-09-30,21.1,28.7,13.0,0.0,0.0
2013-10-01,21.0,27.5,15.0,0.0,0.0
2013-10-02,21.2,27.3,16.3,0.0,0.0
2013-10-03,18.4,24.5,12.0,0.0,0.0
2013-10-04,18.5,26.8,10.4,0.0,0.0
2013-10-05,20.0,28.7,12.2,0.0,0.0
2013-10-06,21.0,30.3,11.4,0.0,0.0
2013-10-07,21.2,29.8,13.5,0.0,0.0
2013-10-08,19.7,27.4,11.8,0.0,0.0
2013-10-09,14.4,17.5,10.1,3.1,3.1
2013-10-10,14.4,20.5,7.9,0.0,0.0
2013-10-11,16.4,24.0,9.4,0.0,0.0
2013-10-12,17.2,24.6,9.1,0.0,0.0
2013-10-13,16.4,22.5,9.7,0.0,0.0
2013-10-14,17.0,25.2,9.3,0.0,0.0
2013-10-15,17.5,25.7,9.3,0.0,0.0
2013-10-16,18.9,27.3,10.4,0.0,0.0
2013-10-17,18.4,26.1,10.2,0.0,0.0
2013-10-18,19.1,28.5,10.5,0.0,0.0
2013-10-19,19.3,29.1,10.3,0.0,0.0
2013-10-20,18.8,27.3,10.1,0.0,0.0
2013-10-21,19.6,29.2,11.1,0.0,0.0
2013-10-22,20.0,29.9,11.0,0.0,0.0
2013-10-23,20.0,28.5,12.6,0.0,0.0
2013-10-24,18.6,26.9,10.8,0.0,0.0
2013-10-25,18.3,26.4,10.3,0.0,0.0
2013-10-26,18.8,28.6,10.2,0.0,0.0
2013-10-27,18.2,26.4,10.4,0.0,0.0
2013-10-28,10.3,12.5,7.4,5.8,5.8
2013-10-29,11.5,16.5,6.0,0.0,0.0
2013-10-30,12.4,17.8,6.1,0.0,0.0
2013-10-31,13.2,20.6,6.6,0.0,0.0
2013-11-01,15.4,25.2,7.2,0.0,0.0
2013-11-02,15.7,24.3,8.2,0.0,0.0
2013-11-03,14.0,20.2,8.1,0.0,0.0
2013-11-04,12.9,17.5,9.3,0.0,0.0
2013-11-05,11.8,18.9,4.9,0.0,0.0
2013-11-06,14.0,23.4,6.5,0.0,0.0
2013-11-07,15.7,25.0,9.0,0.0,0.0
2013-11-08,15.1,23.7,7.8,0.0,0.0
2013-11-09,15.8,24.8,8.2,0.0,0.0
2013-11-10,15.9,25.6,7.9,0.0,0.0
2013-11-11,16.3,25.5,8.2,0.0,0.0
2013-11-12,16.6,24.4,12.0,0.0,0.0
2013-11-13,15.7,23.5,8.6,0.0,0.0
2013-11-14,15.8,23.9,9.0,0.0,0.0
2013-11-15,14.2,18.3,10.8,0.0,0.0
2013-11-16,13.6,18.5,9.3,0.0,0.0
2013-11-17,12.7,18.5,5.9,0.0,0.0
2013-11-18,13.2,19.8,6.7,0.0,0.0
2013-11-19,13.8,18.1,10.3,0.0,0.0
2013-11-20,13.7,18.1,10.8,8.2,8.2
2013-11-21,12.5,15.3,10.1,10.3,10.3
2013-11-22,11.3,15.5,8.2,0.0,0.0
2013-11-23,10.6,14.6,6.7,0.0,0.0
2013-11-24,11.6,16.2,7.1,0.0,0.0
2013-11-25,11.3,17.3,5.1,0.0,0.0
2013-11-26,12.2,18.6,6.5,0.0,0.0
2013-11-27,13.7,21.1,8.6,0.0,0.0
2013-11-28,12.9,19.8,7.8,0.0,0.0
2013-11-29,12.6,19.8,6.3,0.0,0.0
2013-11-30,12.1,19.5,5.8,0.0,0.0
2013-12-01,11.9,19.4,5.5,0.0,0.0
2013-12-02,12.2,19.8,5.9,0.0,0.0
2013-12-03,9.3,11.8,5.5,3.8,3.8
2013-12-04,4.5,8.7,0.2,0.0,0.0
2013-12-05,3.4,8.5,-0.9,0.0,0.0
2013-12-06,4.1,8.4,1.3,0.0,0.0
2013-12-07,4.3,7.8,1.0,10.0,9.1
2013-12-08,1.8,6.6,-1.5,0.0,0.0
2013-12-09,3.5,8.6,-0.1,0.0,0.0
2013-12-10,4.5,10.2,0.1,0.0,0.0
2013-12-11,5.3,14.4,-0.5,0.0,0.0
2013-12-12,6.4,15.8,0.5,0.0,0.0
2013-12-13,6.0,12.9,0.3,0.0,0.0
2013-12-14,7.4,15.8,1.4,0.0,0.0
2013-12-15,8.8,18.2,3.0,0.0,0.0
2013-12-16,10.6,21.2,4.2,0.0,0.0
2013-12-17,12.3,22.6,5.6,0.0,0.0
2013-12-18,13.5,21.0,9.2,0.0,0.0
2013-12-19,9.6,12.3,6.7,0.3,0.3
2013-12-20,7.9,10.9,5.6,0.0,0.0
2013-12-21,8.0,12.2,4.6,0.0,0.0
2013-12-22,8.4,15.9,1.5,0.0,0.0
2013-12-23,9.9,18.9,3.7,0.0,0.0
2013-12-24,9.7,17.7,3.7,0.0,0.0
2013-12-25,10.9,20.6,4.0,0.0,0.0
2013-12-26,10.6,19.9,4.4,0.0,0.0
2013-12-27,10.7,20.8,3.7,0.0,0.0
2013-12-28,10.1,17.4,3.7,0.0,0.0
2013-12-29,9.7,18.4,2.9,0.0,0.0
2013-12-30,10.9,20.5,4.0,0.0,0.0
2013-12-31,10.5,18.6,4.4,0.0,0.0
2014-01-01,10.3,19.3,3.7,0.0,0.0
2014-01-02,11.2,20.8,4.4,0.0,0.0
2014-01-03,11.0,19.4,4.9,0.0,0.0
2014-01-04,10.5,17.4,5.1,0.0,0.0
2014-01-05,11.1,19.6,4.6,0.0,0.0
2014-01-06,11.2,19.9,4.2,0.0,0.0
2014-01-07,11.0,17.2,5.5,0.0,0.0
2014-01-08,9.3,15.3,4.0,0.0,0.0
2014-01-09,8.9,14.3,4.3,0.0,0.0
2014-01-10,8.4,13.8,3.3,0.0,0.0
2014-01-11,10.2,17.2,4.2,0.0,0.0
2014-01-12,9.2,13.8,3.8,0.0,0.0
2014-01-13,9.7,17.8,2.7,0.0,0.0
2014-01-14,11.0,20.2,4.1,0.0,0.0
2014-01-15,12.9,22.8,5.9,0.0,0.0
2014-01-16,13.0,22.5,5.9,0.0,0.0
2014-01-17,13.0,23.8,5.1,0.0,0.0
2014-01-18,12.4,22.5,4.9,0.0,0.0
2014-01-19,12.7,23.8,4.6,0.0,0.0
2014-01-20,11.8,21.9,4.0,0.0,0.0
2014-01-21,12.0,21.9,4.7,0.0,0.0
2014-01-22,11.7,19.6,5.1,0.0,0.0
2014-01-23,12.1,20.3,4.4,0.2,0.2
2014-01-24,16.3,23.5,11.3,0.0,0.0
2014-01-25,14.1,22.0,7.1,0.0,0.0
2014-01-26,12.7,19.7,6.2,0.0,0.0
2014-01-27,12.0,19.0,5.0,0.0,0.0
2014-01-28,12.5,18.8,6.5,0.0,0.0
2014-01-29,13.3,19.6,7.1,0.0,0.0
2014-01-30,11.8,13.9,8.1,16.8,16.8
2014-01-31,8.8,12.4,4.1,6.6,6.6
2014-02-01,7.0,12.9,1.6,0.0,0.0
2014-02-02,6.4,11.2,3.1,5.6,5.6
2014-02-03,6.6,12.1,1.3,0.3,0.3
2014-02-04,7.3,11.5,3.3,0.0,0.0
2014-02-05,7.3,12.8,1.4,0.0,0.0
2014-02-06,7.8,9.9,5.6,13.5,13.5
2014-02-07,8.5,13.0,4.1,4.5,4.5
2014-02-08,11.4,14.3,9.3,3.3,3.3
2014-02-09,13.1,16.9,9.3,1.3,1.3
2014-02-10,13.0,17.7,8.3,2.7,2.7
2014-02-11,12.0,17.3,6.7,0.0,0.0
2014-02-12,12.1,19.4,5.9,0.0,0.0
2014-02-13,13.1,21.5,6.3,0.0,0.0
2014-02-14,14.4,22.2,7.6,0.0,0.0
2014-02-15,15.2,22.9,7.9,0.0,0.0
2014-02-16,15.6,21.5,9.9,1.5,1.5
2014-02-17,12.8,20.0,6.4,0.0,0.0
2014-02-18,11.5,16.4,6.7,0.0,0.0
2014-02-19,13.1,18.8,8.7,0.0,0.0
2014-02-20,11.9,18.5,6.5,0.0,0.0
2014-02-21,12.2,20.0,4.8,0.0,0.0
2014-02-22,12.9,20.9,5.5,0.0,0.0
2014-02-23,13.7,22.3,5.8,0.0,0.0
2014-02-24,14.7,24.1,6.3,0.0,0.0
2014-02-25,15.7,24.1,7.3,0.0,0.0
2014-02-26,13.1,17.7,9.1,4.3,4.3
2014-02-27,13.5,17.5,9.0,15.9,15.9
2014-02-28,12.2,15.8,9.4,34.0,34.0
2014-03-01,13.0,18.7,9.0,2.8,2.8
2014-03-02,11.1,14.8,7.0,3.7,3.7
2014-03-03,11.5,17.5,4.9,0.0,0.0
2014-03-04,14.4,19.5,10.6,0.0,0.0
2014-03-05,15.3,21.5,9.0,0.0,0.0
2014-03-06,15.5,20.9,11.7,4.1,4.1
2014-03-07,13.0,18.3,8.3,0.0,0.0
2014-03-08,14.3,23.0,6.8,0.0,0.0
2014-03-09,16.5,24.1,8.5,0.0,0.0
2014-03-10,15.6,22.3,9.3,0.0,0.0
2014-03-11,13.5,20.0,7.3,0.0,0.0
2014-03-12,15.3,21.9,10.5,0.0,0.0
2014-03-13,14.8,22.9,7.7,0.0,0.0
2014-03-14,14.8,23.1,6.9,0.0,0.0
2014-03-15,16.0,24.6,8.2,0.0,0.0
2014-03-16,18.0,27.8,8.7,0.0,0.0
2014-03-17,15.8,22.1,10.2,0.0,0.0
2014-03-18,15.1,21.9,10.0,0.0,0.0
2014-03-19,16.0,24.7,7.1,0.0,0.0
2014-03-20,16.2,24.9,7.4,0.0,0.0
2014-03-21,16.4,24.5,8.0,0.0,0.0
2014-03-22,15.6,23.7,7.4,0.0,0.0
2014-03-23,16.2,24.9,7.1,0.0,0.0
2014-03-24,17.7,27.7,8.0,0.0,0.0
2014-03-25,16.9,24.3,8.4,0.0,0.0
2014-03-26,11.3,14.1,8.6,10.6,10.6
2014-03-27,11.7,17.8,5.6,0.1,0.1
2014-03-28,14.3,21.5,7.0,0.0,0.0
2014-03-29,15.8,23.0,9.6,3.6,3.6
2014-03-30,12.0,17.1,7.4,14.6,14.6
2014-03-31,11.1,15.9,7.8,7.6,7.6
2014-04-01,8.8,12.9,4.7,10.5,10.5
2014-04-02,9.7,14.7,5.2,10.3,10.3
2014-04-03,11.4,18.0,4.0,0.0,0.0
2014-04-04,12.1,17.0,6.4,0.1,0.1
2014-04-05,12.0,18.6,5.6,0.0,0.0
2014-04-06,14.3,21.6,6.9,0.0,0.0
2014-04-07,18.3,28.3,8.8,0.0,0.0
2014-04-08,20.2,30.1,10.4,0.0,0.0
2014-04-09,20.1,28.8,10.7,0.0,0.0
2014-04-10,20.2,29.3,10.3,0.0,0.0
2014-04-11,21.0,28.9,13.2,0.0,0.0
2014-04-12,19.5,25.1,15.4,0.0,0.0
2014-04-13,18.3,25.0,10.8,0.0,0.0
2014-04-14,20.2,28.4,11.8,0.0,0.0
2014-04-15,20.8,29.1,13.0,0.0,0.0
2014-04-16,20.2,28.3,11.1,0.0,0.0
2014-04-17,21.6,29.4,12.4,0.0,0.0
2014-04-18,21.1,27.3,15.7,0.0,0.0
2014-04-19,21.0,27.5,13.5,0.0,0.0
2014-04-20,20.2,28.8,11.2,0.0,0.0
2014-04-21,20.7,28.2,11.5,0.0,0.0
2014-04-22,16.5,20.5,12.3,0.0,0.0
2014-04-23,15.8,22.2,9.0,0.0,0.0
2014-04-24,18.1,25.7,9.7,0.0,0.0
2014-04-25,13.3,17.2,8.4,27.4,27.4
2014-04-26,11.2,16.3,6.6,1.1,1.1
2014-04-27,13.6,19.6,7.1,0.0,0.0
2014-04-28,15.7,22.5,7.5,0.0,0.0
2014-04-29,19.4,27.6,10.4,0.0,0.0
2014-04-30,22.8,31.9,13.9,0.0,0.0
2014-05-01,23.3,32.1,13.9,0.0,0.0
2014-05-02,23.6,32.9,13.6,0.0,0.0
2014-05-03,22.3,30.7,12.8,0.0,0.0
2014-05-04,19.9,26.2,13.1,0.0,0.0
2014-05-05,18.0,23.6,12.8,0.8,0.8
2014-05-06,14.0,18.4,9.7,5.1,5.1
2014-05-07,16.2,22.3,9.4,0.0,0.0
2014-05-08,17.9,24.1,10.6,0.0,0.0
2014-05-09,19.2,24.6,13.7,0.0,0.0
2014-05-10,17.5,23.4,10.8,0.0,0.0
2014-05-11,18.0,25.6,8.5,0.0,0.0
2014-05-12,20.3,28.7,11.0,0.0,0.0
2014-05-13,23.2,32.4,13.1,0.0,0.0
2014-05-14,25.3,34.7,14.3,0.0,0.0
2014-05-15,26.9,36.7,15.7,0.0,0.0
2014-05-16,26.5,35.7,15.8,0.0,0.0
2014-05-17,24.4,32.6,14.9,0.0,0.0
2014-05-18,22.0,27.8,15.8,0.0,0.0
2014-05-19,19.9,26.3,12.8,0.0,0.0
2014-05-20,15.8,19.9,10.9,3.3,3.3
2014-05-21,18.7,23.4,14.6,0.0,0.0
2014-05-22,20.3,26.4,13.0,0.0,0.0
2014-05-23,22.4,29.9,13.7,0.0,0.0
2014-05-24,24.8,32.0,16.3,0.0,0.0
2014-05-25,26.7,34.5,17.3,0.0,0.0
2014-05-26,27.7,36.6,17.1,0.0,0.0
2014-05-27,27.3,36.0,16.3,0.0,0.0
2014-05-28,24.5,31.4,16.2,0.0,0.0
2014-05-29,23.2,31.0,13.2,0.0,0.0
2014-05-30,24.5,33.4,13.0,0.0,0.0
2014-05-31,23.8,31.7,14.2,0.0,0.0
2014-06-01,25.5,34.4,14.9,0.0,0.0
2014-06-02,25.9,34.0,15.8,0.0,0.0
2014-06-03,25.1,33.0,16.0,0.0,0.0
2014-06-04,26.1,34.4,15.5,0.0,0.0
2014-06-05,27.9,36.2,17.5,0.0,0.0
2014-06-06,28.0,35.8,17.9,0.0,0.0
2014-06-07,28.5,37.0,18.5,0.0,0.0
2014-06-08,30.4,39.8,18.7,0.0,0.0
2014-06-09,32.2,41.8,20.3,0.0,0.0
2014-06-10,31.2,38.6,20.9,0.0,0.0
2014-06-11,29.5,36.1,22.5,0.0,0.0
2014-06-12,27.9,34.7,20.7,0.0,0.0
2014-06-13,25.9,32.2,19.4,0.0,0.0
2014-06-14,25.0,32.6,14.7,0.0,0.0
2014-06-15,25.6,33.1,16.0,0.0,0.0
2014-06-16,23.7,29.7,17.4,0.0,0.0
2014-06-17,23.0,29.0,16.9,0.0,0.0
2014-06-18,24.6,31.7,14.6,0.0,0.0
2014-06-19,27.5,36.3,16.3,0.0,0.0
2014-06-20,28.3,36.8,17.4,0.0,0.0
2014-06-21,28.2,35.9,18.1,0.0,0.0
2014-06-22,27.4,35.6,17.2,0.0,0.0
2014-06-23,27.2,35.3,16.9,0.0,0.0
2014-06-24,28.0,35.8,18.3,0.0,0.0
2014-06-25,27.3,34.6,18.1,0.0,0.0
2014-06-26,24.2,28.4,20.2,0.0,0.0
2014-06-27,25.5,32.6,17.7,0.0,0.0
2014-06-28,27.1,34.7,17.6,0.0,0.0
2014-06-29,29.1,38.0,18.1,0.0,0.0
2014-06-30,31.3,40.2,20.3,0.0,0.0
2014-07-01,32.0,40.6,21.8,0.0,0.0
2014-07-02,31.4,39.0,22.6,0.0,0.0
2014-07-03,31.1,38.9,21.8,0.0,0.0
2014-07-04,32.3,40.8,21.0,0.0,0.0
2014-07-05,31.8,39.7,21.4,0.0,0.0
2014-07-06,31.5,38.5,22.8,0.0,0.0
2014-07-07,31.5,38.3,23.1,0.0,0.0
2014-07-08,32.6,40.7,22.6,0.0,0.0
2014-07-09,32.1,39.0,24.6,0.0,0.0
2014-07-10,30.7,36.6,24.7,0.0,0.0
2014-07-11,29.3,34.9,23.5,0.0,0.0
2014-07-12,29.0,36.0,21.3,0.0,0.0
2014-07-13,31.5,39.5,22.0,0.0,0.0
2014-07-14,32.9,39.7,24.3,0.0,0.0
2014-07-15,32.5,37.1,27.6,0.0,0.0
2014-07-16,30.5,35.5,25.1,0.0,0.0
2014-07-17,28.1,32.6,23.2,0.0,0.0
2014-07-18,28.5,34.7,22.2,0.0,0.0
2014-07-19,29.2,34.4,22.5,0.0,0.0
2014-07-20,29.8,35.1,24.4,0.0,0.0
2014-07-21,28.7,34.8,22.5,0.0,0.0
2014-07-22,29.4,35.6,23.4,0.0,0.0
2014-07-23,27.8,34.3,21.0,0.0,0.0
2014-07-24,28.9,36.9,20.0,0.0,0.0
2014-07-25,31.1,40.0,20.2,0.0,0.0
2014-07-26,32.1,40.6,21.5,0.0,0.0
2014-07-27,32.8,40.2,24.1,0.0,0.0
2014-07-28,32.0,37.2,26.7,0.0,0.0
2014-07-29,31.7,38.5,24.0,0.9,0.9
2014-07-30,31.9,38.2,25.2,0.0,0.0
2014-07-31,32.6,40.3,23.9,0.0,0.0
2014-08-01,32.8,41.2,23.1,0.0,0.0
2014-08-02,32.2,39.3,23.4,0.0,0.0
2014-08-03,29.5,32.3,26.7,0.0,0.0
2014-08-04,29.4,34.5,24.0,0.0,0.0
2014-08-05,28.4,34.7,21.5,0.0,0.0
2014-08-06,28.1,34.1,21.1,0.0,0.0
2014-08-07,29.3,36.0,21.5,0.0,0.0
2014-08-08,30.9,38.5,22.3,0.0,0.0
2014-08-09,30.8,38.3,21.9,0.0,0.0
2014-08-10,30.1,37.6,21.8,0.0,0.0
2014-08-11,30.9,38.1,23.3,0.0,0.0
2014-08-12,31.6,38.1,23.9,0.0,0.0
2014-08-13,29.5,35.4,23.1,0.0,0.0
2014-08-14,28.9,36.3,21.1,0.0,0.0
2014-08-15,30.0,37.6,20.7,0.0,0.0
2014-08-16,30.0,38.2,20.8,0.0,0.0
2014-08-17,30.3,38.7,20.8,0.0,0.0
2014-08-18,29.3,37.0,20.3,0.0,0.0
2014-08-19,27.3,33.3,19.7,0.0,0.0
2014-08-20,27.4,32.5,21.5,0.0,0.0
2014-08-21,28.0,35.2,20.2,0.0,0.0
2014-08-22,28.9,36.4,20.0,0.0,0.0
2014-08-23,28.0,34.2,20.1,0.0,0.0
2014-08-24,27.7,34.2,21.2,0.0,0.0
2014-08-25,26.7,32.3,20.5,0.0,0.0
2014-08-26,26.1,33.1,17.8,0.0,0.0
2014-08-27,27.8,35.7,18.4,0.0,0.0
2014-08-28,28.7,37.4,19.2,0.0,0.0
2014-08-29,28.8,36.9,19.3,0.0,0.0
2014-08-30,29.3,37.5,20.5,0.0,0.0
2014-08-31,28.0,35.6,19.0,0.0,0.0
2014-09-01,28.5,36.8,19.2,0.0,0.0
2014-09-02,29.6,38.2,19.9,0.0,0.0
2014-09-03,28.4,35.6,20.5,0.0,0.0
2014-09-04,27.9,35.5,19.9,0.0,0.0
2014-09-05,28.2,36.7,18.5,0.0,0.0
2014-09-06,28.7,37.6,18.7,0.0,0.0
2014-09-07,29.1,38.0,19.0,0.0,0.0
2014-09-08,28.4,33.7,22.6,0.0,0.0
2014-09-09,26.2,33.2,17.9,0.0,0.0
2014-09-10,27.3,36.6,17.2,0.0,0.0
2014-09-11,28.4,37.6,18.2,0.0,0.0
2014-09-12,29.1,38.2,18.9,0.0,0.0
2014-09-13,29.8,39.1,20.1,0.0,0.0
2014-09-14,30.9,38.0,23.3,0.0,0.0
2014-09-15,30.4,39.0,21.3,0.0,0.0
2014-09-16,29.4,36.6,21.5,0.0,0.0
2014-09-17,29.2,36.9,20.3,0.0,0.0
2014-09-18,26.8,31.8,22.5,0.0,0.0
2014-09-19,25.1,30.3,20.5,0.0,0.0
2014-09-20,26.0,32.6,18.6,0.0,0.0
2014-09-21,25.9,32.1,19.7,0.0,0.0
2014-09-22,25.7,33.7,17.7,0.0,0.0
2014-09-23,26.5,34.9,17.5,0.0,0.0
2014-09-24,26.2,34.5,17.8,0.0,0.0
2014-09-25,23.5,29.2,19.6,0.0,0.0
2014-09-26,20.3,24.6,16.7,0.0,0.0
2014-09-27,19.3,23.7,14.6,0.0,0.0
2014-09-28,19.5,23.8,14.1,0.2,0.2
2014-09-29,20.4,26.6,13.0,0.0,0.0
2014-09-30,21.7,29.4,13.7,0.0,0.0
2014-10-01,22.2,30.0,14.8,0.0,0.0
2014-10-02,23.8,32.7,14.7,0.0,0.0
2014-10-03,25.2,34.4,15.9,0.0,0.0
2014-10-04,25.6,34.9,16.4,0.0,0.0
2014-10-05,26.3,35.6,17.1,0.0,0.0
2014-10-06,26.3,35.6,16.9,0.0,0.0
2014-10-07,26.1,34.9,17.1,0.0,0.0
2014-10-08,24.9,32.8,16.3,0.0,0.0
2014-10-09,23.7,32.0,15.4,0.0,0.0
2014-10-10,22.3,29.9,13.5,0.0,0.0
2014-10-11,22.8,30.8,14.7,0.0,0.0
2014-10-12,22.3,30.0,14.7,0.0,0.0
2014-10-13,24.6,34.7,14.6,0.0,0.0
2014-10-14,23.6,32.9,15.2,0.0,0.0
2014-10-15,20.4,25.3,16.2,0.0,0.0
2014-10-16,20.2,25.5,15.7,0.0,0.0
2014-10-17,20.4,24.9,16.9,0.0,0.0
2014-10-18,20.2,25.3,15.0,0.0,0.0
2014-10-19,20.5,28.7,12.4,0.0,0.0
2014-10-20,20.0,27.1,12.9,0.0,0.0
2014-10-21,18.1,23.8,12.0,0.0,0.0
2014-10-22,18.1,25.1,11.2,0.0,0.0
2014-10-23,19.8,28.1,12.3,0.0,0.0
2014-10-24,21.6,31.1,12.8,0.0,0.0
2014-10-25,19.5,26.2,14.5,0.0,0.0
2014-10-26,17.1,22.3,12.1,0.0,0.0
2014-10-27,16.4,22.0,11.2,0.0,0.0
2014-10-28,17.6,24.3,9.4,0.0,0.0
2014-10-29,18.5,27.4,10.2,0.0,0.0
2014-10-30,19.9,29.0,11.8,0.0,0.0
2014-10-31,17.8,23.4,13.1,10.7,10.7
2014-11-01,11.9,13.2,10.6,25.6,25.6
2014-11-02,12.3,15.7,9.1,0.0,0.0
2014-11-03,12.1,17.5,7.6,0.0,0.0
2014-11-04,13.1,19.6,7.1,0.0,0.0
2014-11-05,15.0,22.8,8.5,0.0,0.0
2014-11-06,17.1,26.4,10.2,0.0,0.0
2014-11-07,16.7,23.8,10.6,0.0,0.0
2014-11-08,17.5,25.9,11.0,0.0,0.0
2014-11-09,17.5,25.6,11.1,0.0,0.0
2014-11-10,16.5,23.6,10.4,0.0,0.0
2014-11-11,15.1,20.1,10.6,0.0,0.0
2014-11-12,14.8,18.9,11.8,0.0,0.0
2014-11-13,14.5,17.8,11.3,3.1,3.1
2014-11-14,14.8,19.5,11.3,0.0,0.0
2014-11-15,12.9,18.0,8.0,0.0,0.0
2014-11-16,12.6,17.2,6.7,0.0,0.0
2014-11-17,12.3,20.1,5.6,0.0,0.0
2014-11-18,13.4,22.2,6.3,0.0,0.0
2014-11-19,14.6,19.8,9.9,0.0,0.0
2014-11-20,13.0,18.0,9.3,3.9,3.9
2014-11-21,11.8,15.7,6.2,0.2,0.2
2014-11-22,11.7,15.8,7.6,1.3,1.3
2014-11-23,11.6,16.2,8.5,0.0,0.0
2014-11-24,10.4,15.9,5.7,0.0,0.0
2014-11-25,11.8,19.8,5.4,0.0,0.0
2014-11-26,13.5,22.6,6.8,0.0,0.0
2014-11-27,14.7,24.7,7.8,0.0,0.0
2014-11-28,15.0,23.7,8.5,0.0,0.0
2014-11-29,13.9,21.9,7.1,0.0,0.0
2014-11-30,13.6,18.9,9.8,2.9,2.9
2014-12-01,14.2,21.0,7.9,0.2,0.2
2014-12-02,12.6,15.4,8.9,27.7,27.7
2014-12-03,14.6,19.6,11.8,8.0,8.0
2014-12-04,14.3,18.5,11.1,5.7,5.7
2014-12-05,13.4,17.7,9.3,0.0,0.0
2014-12-06,14.5,19.7,11.1,0.4,0.4
2014-12-07,13.8,20.3,8.6,0.0,0.0
2014-12-08,13.1,19.7,7.5,0.0,0.0
2014-12-09,12.2,17.8,7.4,0.0,0.0
2014-12-10,12.6,19.1,7.1,0.0,0.0
2014-12-11,14.4,19.4,10.9,0.0,0.0
2014-12-12,10.5,14.7,8.4,45.9,45.9
2014-12-13,9.4,11.8,7.4,1.2,1.2
2014-12-14,8.2,12.6,4.3,0.5,0.5
2014-12-15,9.0,15.4,4.0,4.6,4.6
2014-12-16,10.7,15.2,7.3,3.1,3.1
2014-12-17,9.6,11.9,6.5,14.2,14.2
2014-12-18,9.8,14.0,5.7,0.2,0.2
2014-12-19,10.0,14.3,6.1,0.0,0.0
2014-12-20,11.2,14.2,8.7,0.0,0.0
2014-12-21,10.5,13.6,7.1,0.3,0.3
2014-12-22,11.5,14.8,8.8,2.6,2.6
2014-12-23,12.0,16.9,8.3,0.0,0.0
2014-12-24,11.4,18.0,7.7,1.5,1.5
2014-12-25,8.1,11.5,4.9,0.0,0.0
2014-12-26,6.2,10.8,3.3,0.0,0.0
2014-12-27,6.6,12.7,1.3,0.0,0.0
2014-12-28,7.1,11.3,3.2,0.0,0.0
2014-12-29,6.1,10.7,1.2,0.0,0.0
2014-12-30,4.7,6.2,0.5,3.4,3.4
2014-12-31,2.3,9.4,-2.7,0.0,0.0
2015-01-01,3.8,8.7,0.2,0.0,0.0
2015-01-02,3.8,9.6,-0.7,0.0,0.0
2015-01-03,4.4,10.7,-0.2,0.0,0.0
2015-01-04,5.6,12.1,1.3,0.0,0.0
2015-01-05,7.6,16.3,1.4,0.0,0.0
2015-01-06,10.3,20.4,3.7,0.0,0.0
2015-01-07,11.3,20.8,4.9,0.0,0.0
2015-01-08,11.2,19.9,4.6,0.0,0.0
2015-01-09,11.3,19.0,7.0,0.0,0.0
2015-01-10,11.1,18.3,6.0,0.0,0.0
2015-01-11,10.9,16.0,7.0,0.0,0.0
2015-01-12,10.4,14.8,5.4,0.0,0.0
2015-01-13,10.3,15.6,5.9,0.0,0.0
2015-01-14,9.6,16.4,4.2,0.0,0.0
2015-01-15,9.6,17.2,3.9,0.0,0.0
2015-01-16,10.7,16.8,4.6,0.0,0.0
2015-01-17,10.4,16.8,5.1,0.0,0.0
2015-01-18,12.5,19.0,6.9,0.0,0.0
2015-01-19,10.7,16.5,6.8,0.0,0.0
2015-01-20,9.5,14.3,5.8,0.0,0.0
2015-01-21,8.5,14.8,3.8,0.0,0.0
2015-01-22,9.5,17.2,3.9,0.0,0.0
2015-01-23,9.3,16.1,3.4,0.0,0.0
2015-01-24,10.3,17.3,4.8,0.0,0.0
2015-01-25,12.0,19.9,6.2,0.0,0.0
2015-01-26,12.5,19.2,6.5,0.0,0.0
2015-01-27,13.1,17.6,9.0,1.4,1.4
2015-01-28,11.7,17.7,6.8,0.0,0.0
2015-01-29,12.0,19.2,6.4,0.0,0.0
2015-01-30,11.4,17.0,6.0,0.0,0.0
2015-01-31,11.6,17.4,7.4,0.0,0.0
2015-02-01,12.2,19.8,5.9,0.0,0.0
2015-02-02,12.4,19.8,6.3,0.0,0.0
2015-02-03,12.4,20.5,6.0,0.0,0.0
2015-02-04,14.5,24.8,6.2,0.0,0.0
2015-02-05,16.1,26.0,7.8,0.0,0.0
2015-02-06,16.3,24.0,10.4,0.0,0.0
2015-02-07,14.5,17.7,11.6,24.3,24.3
2015-02-08,14.7,20.8,9.5,9.2,9.2
2015-02-09,14.6,19.5,10.2,8.9,8.9
2015-02-10,11.6,16.8,7.8,0.0,0.0
2015-02-11,12.8,20.3,6.5,0.0,0.0
2015-02-12,14.2,21.6,7.8,0.0,0.0
2015-02-13,15.1,22.9,8.2,0.0,0.0
2015-02-14,15.1,23.2,8.4,0.0,0.0
2015-02-15,14.6,21.3,8.4,0.0,0.0
2015-02-16,15.0,22.7,8.0,0.0,0.0
2015-02-17,14.8,21.9,8.2,0.0,0.0
2015-02-18,14.0,20.3,8.5,0.0,0.0
2015-02-19,13.9,20.8,8.3,0.0,0.0
2015-02-20,12.9,18.8,7.7,0.0,0.0
2015-02-21,12.5,18.4,6.4,0.0,0.0
2015-02-22,10.6,13.5,7.3,9.0,9.0
2015-02-23,8.7,12.5,6.1,18.3,18.3
2015-02-24,9.1,14.7,3.2,0.0,0.0
2015-02-25,10.3,16.7,4.1,0.0,0.0
2015-02-26,11.1,16.7,4.9,0.0,0.0
2015-02-27,11.3,15.7,6.6,3.0,3.0
2015-02-28,9.6,12.9,5.6,1.5,1.5
2015-03-01,9.1,14.7,3.4,0.2,0.2
2015-03-02,8.4,14.4,3.3,1.7,1.7
2015-03-03,9.3,15.3,2.7,0.0,0.0
2015-03-04,10.4,17.4,4.1,0.0,0.0
2015-03-05,11.9,20.6,4.1,0.0,0.0
2015-03-06,12.4,20.7,4.9,0.0,0.0
2015-03-07,14.3,23.4,6.2,0.0,0.0
2015-03-08,15.0,23.3,6.5,0.0,0.0
2015-03-09,15.5,23.6,7.9,0.0,0.0
2015-03-10,17.3,26.6,8.5,0.0,0.0
2015-03-11,16.6,21.5,12.4,0.0,0.0
2015-03-12,14.9,22.5,8.3,0.0,0.0
2015-03-13,17.2,25.7,10.0,0.0,0.0
2015-03-14,19.0,28.3,10.9,0.0,0.0
2015-03-15,20.5,29.2,13.2,0.0,0.0
2015-03-16,18.4,25.6,11.5,0.0,0.0
2015-03-17,16.9,21.6,11.6,0.0,0.0
2015-03-18,17.3,22.4,12.0,0.0,0.0
2015-03-19,17.0,24.6,9.6,0.0,0.0
2015-03-20,17.9,26.2,9.8,0.0,0.0
2015-03-21,17.2,24.4,9.7,0.0,0.0
2015-03-22,16.6,22.7,10.0,0.0,0.0
2015-03-23,15.6,21.0,11.3,0.6,0.6
2015-03-24,14.9,20.8,8.9,0.0,0.0
2015-03-25,16.9,24.1,9.6,0.0,0.0
2015-03-26,19.4,28.8,10.4,0.0,0.0
2015-03-27,21.0,30.6,11.4,0.0,0.0
2015-03-28,19.8,27.8,11.2,0.0,0.0
2015-03-29,20.1,28.1,12.1,0.0,0.0
2015-03-30,20.6,29.4,11.8,0.0,0.0
2015-03-31,18.2,25.0,11.7,0.0,0.0
2015-04-01,15.5,22.0,8.0,0.0,0.0
2015-04-02,15.1,21.2,9.2,0.0,0.0
2015-04-03,16.4,24.5,6.9,0.0,0.0
2015-04-04,16.5,24.6,7.3,0.0,0.0
2015-04-05,14.7,20.0,9.4,0.1,0.1
2015-04-06,12.6,17.2,8.4,0.2,0.2
2015-04-07,10.0,11.8,6.6,9.9,9.9
2015-04-08,10.4,16.8,2.6,0.5,0.5
2015-04-09,13.5,20.4,7.0,0.0,0.0
2015-04-10,15.0,23.4,6.2,0.0,0.0
2015-04-11,15.9,23.6,7.2,0.0,0.0
2015-04-12,17.6,25.4,9.1,0.0,0.0
2015-04-13,20.1,29.1,10.4,0.0,0.0
2015-04-14,15.3,20.4,10.5,0.0,0.0
2015-04-15,15.2,21.8,9.0,0.0,0.0
2015-04-16,17.3,25.1,8.8,0.0,0.0
2015-04-17,18.9,27.1,9.3,0.0,0.0
2015-04-18,20.3,29.0,10.5,0.0,0.0
2015-04-19,21.4,29.8,11.7,0.0,0.0
2015-04-20,21.0,28.8,12.8,0.0,0.0
2015-04-21,19.3,24.2,13.6,0.0,0.0
2015-04-22,18.0,22.6,12.0,0.0,0.0
2015-04-23,18.6,23.4,13.2,0.0,0.0
2015-04-24,17.0,21.3,13.2,4.6,4.6
2015-04-25,14.0,17.8,10.9,10.0,10.0
2015-04-26,15.4,21.2,9.7,0.0,0.0
2015-04-27,18.8,26.8,10.1,0.0,0.0
2015-04-28,22.2,30.8,12.7,0.0,0.0
2015-04-29,22.4,30.9,13.3,0.0,0.0
2015-04-30,23.1,31.7,13.7,0.0,0.0
2015-05-01,24.3,32.7,14.8,0.0,0.0
2015-05-02,23.3,31.2,13.8,0.0,0.0
2015-05-03,22.1,29.6,12.3,0.0,0.0
2015-05-04,20.9,27.1,12.9,0.0,0.0
2015-05-05,20.6,27.0,14.0,0.0,0.0
2015-05-06,19.2,24.9,13.5,0.0,0.0
2015-05-07,15.1,18.5,11.2,1.4,1.4
2015-05-08,13.9,19.0,8.9,0.1,0.1
2015-05-09,18.1,23.9,13.1,0.0,0.0
2015-05-10,20.6,28.3,11.2,0.0,0.0
2015-05-11,21.1,28.4,12.8,0.0,0.0
2015-05-12,18.4,24.0,12.6,0.0,0.0
2015-05-13,17.7,22.7,12.5,0.0,0.0
2015-05-14,15.4,21.6,11.6,5.7,5.7
2015-05-15,14.4,18.7,10.7,1.1,1.1
2015-05-16,17.1,22.9,11.2,0.0,0.0
2015-05-17,17.1,21.7,12.5,0.1,0.1
2015-05-18,17.9,23.2,12.7,0.0,0.0
2015-05-19,17.8,24.0,10.4,0.0,0.0
2015-05-20,19.2,25.1,13.7,0.0,0.0
2015-05-21,16.8,20.8,12.9,0.8,0.8
2015-05-22,15.8,19.1,12.4,5.1,5.1
2015-05-23,18.3,22.8,14.4,0.0,0.0
2015-05-24,19.6,25.6,12.7,0.0,0.0
2015-05-25,22.0,28.5,14.3,0.0,0.0
2015-05-26,22.3,28.8,16.0,0.0,0.0
2015-05-27,22.7,30.1,15.7,0.0,0.0
2015-05-28,23.1,31.1,13.5,0.0,0.0
2015-05-29,25.1,33.9,15.0,0.0,0.0
2015-05-30,26.7,35.6,16.0,0.0,0.0
2015-05-31,26.9,35.5,17.1,0.0,0.0
2015-06-01,23.9,29.9,17.3,0.0,0.0
2015-06-02,23.1,29.7,15.5,0.0,0.0
2015-06-03,23.1,30.0,15.5,0.0,0.0
2015-06-04,22.2,28.2,15.6,0.0,0.0
2015-06-05,23.0,28.9,15.9,0.5,0.5
2015-06-06,23.9,29.6,16.5,0.0,0.0
2015-06-07,27.0,35.5,17.1,0.0,0.0
2015-06-08,30.6,39.4,19.6,0.0,0.0
2015-06-09,28.1,34.0,21.2,0.0,0.0
2015-06-10,25.6,30.6,21.4,0.0,0.0
2015-06-11,26.5,32.0,20.0,0.0,0.0
2015-06-12,29.0,35.2,20.8,0.1,0.1
2015-06-13,30.9,38.8,21.8,0.0,0.0
2015-06-14,30.0,37.6,21.4,0.0,0.0
2015-06-15,28.5,36.4,19.0,0.0,0.0
2015-06-16,27.9,36.3,17.7,0.0,0.0
2015-06-17,29.1,37.8,18.2,0.0,0.0
2015-06-18,29.2,37.9,18.3,0.0,0.0
2015-06-19,28.3,37.0,17.8,0.0,0.0
2015-06-20,29.3,38.3,18.6,0.0,0.0
2015-06-21,29.0,36.6,19.9,0.0,0.0
2015-06-22,27.5,35.3,18.3,0.0,0.0
2015-06-23,27.3,35.2,17.4,0.0,0.0
2015-06-24,28.8,36.5,19.3,0.0,0.0
2015-06-25,31.4,39.9,21.2,0.0,0.0
2015-06-26,32.6,41.4,22.4,0.0,0.0
2015-06-27,32.3,39.1,25.3,0.0,0.0
2015-06-28,31.2,36.8,25.1,0.0,0.0
2015-06-29,30.5,35.4,24.5,0.0,0.0
2015-06-30,33.4,41.6,24.6,0.0,0.0
2015-07-01,32.7,38.0,25.2,0.0,0.0
2015-07-02,31.2,35.8,26.0,0.0,0.0
2015-07-03,32.3,39.2,25.4,0.0,0.0
2015-07-04,32.2,39.8,25.7,0.3,0.3
2015-07-05,31.2,37.6,24.8,0.0,0.0
2015-07-06,29.3,35.8,22.5,0.0,0.0
2015-07-07,28.1,34.4,21.2,0.0,0.0
2015-07-08,26.8,31.7,21.0,0.0,0.0
2015-07-09,24.0,28.1,18.8,0.0,0.0
2015-07-10,23.9,28.2,19.2,0.0,0.0
2015-07-11,26.3,32.9,18.5,0.0,0.0
2015-07-12,27.6,34.1,20.3,0.0,0.0
2015-07-13,28.0,34.5,21.6,0.0,0.0
2015-07-14,27.8,34.6,19.8,0.0,0.0
2015-07-15,27.8,34.9,19.8,0.0,0.0
2015-07-16,29.4,36.9,20.7,0.0,0.0
2015-07-17,30.5,38.7,21.2,0.0,0.0
2015-07-18,30.2,37.3,21.5,0.0,0.0
2015-07-19,28.2,32.2,21.9,0.0,0.0
2015-07-20,29.3,34.4,25.0,0.3,0.3
2015-07-21,30.0,35.9,23.1,0.0,0.0
2015-07-22,29.7,35.5,23.7,0.0,0.0
2015-07-23,27.8,33.5,21.7,0.0,0.0
2015-07-24,27.7,34.9,18.8,0.0,0.0
2015-07-25,28.3,35.4,19.3,0.0,0.0
2015-07-26,27.6,34.6,19.5,0.0,0.0
2015-07-27,27.8,35.1,18.4,0.0,0.0
2015-07-28,30.3,38.6,19.7,0.0,0.0
2015-07-29,32.4,41.7,21.2,0.0,0.0
2015-07-30,32.6,40.1,22.9,0.0,0.0
2015-07-31,32.4,38.2,25.7,0.0,0.0
2015-08-01,31.0,37.4,23.7,0.0,0.0
2015-08-02,30.7,37.5,23.3,0.0,0.0
2015-08-03,28.9,36.3,21.6,0.0,0.0
2015-08-04,27.2,32.9,20.3,0.0,0.0
2015-08-05,27.2,33.9,20.4,0.0,0.0
2015-08-06,28.8,34.3,22.3,0.0,0.0
2015-08-07,27.8,34.0,20.1,0.0,0.0
2015-08-08,27.6,34.4,20.8,0.0,0.0
2015-08-09,28.3,35.9,19.8,0.0,0.0
2015-08-10,28.2,34.8,21.6,0.0,0.0
2015-08-11,27.2,33.8,20.2,0.0,0.0
2015-08-12,28.0,35.8,20.0,0.0,0.0
2015-08-13,28.8,37.1,19.8,0.0,0.0
2015-08-14,28.5,35.9,20.8,0.0,0.0
2015-08-15,29.7,38.7,19.9,0.0,0.0
2015-08-16,32.2,40.9,22.5,0.0,0.0
2015-08-17,32.6,41.1,22.5,0.0,0.0
2015-08-18,31.1,38.9,22.9,0.0,0.0
2015-08-19,29.7,37.5,21.6,0.0,0.0
2015-08-20,28.3,35.7,20.1,0.0,0.0
2015-08-21,28.1,35.0,21.0,0.0,0.0
2015-08-22,28.2,35.6,20.1,0.0,0.0
2015-08-23,28.9,36.9,20.5,0.0,0.0
2015-08-24,29.1,37.1,20.5,0.0,0.0
2015-08-25,29.8,38.2,20.0,0.0,0.0
2015-08-26,30.4,38.4,21.2,0.0,0.0
2015-08-27,30.7,38.9,21.2,0.0,0.0
2015-08-28,31.5,39.8,21.2,0.0,0.0
2015-08-29,28.9,35.4,21.9,0.0,0.0
2015-08-30,26.6,32.4,20.7,0.0,0.0
2015-08-31,26.5,33.5,19.8,0.0,0.0
2015-09-01,27.5,35.5,17.7,0.0,0.0
2015-09-02,26.5,33.2,20.4,0.0,0.0
2015-09-03,25.1,31.1,19.4,0.0,0.0
2015-09-04,24.4,30.4,18.7,0.0,0.0
2015-09-05,23.3,30.4,15.6,0.0,0.0
2015-09-06,25.1,33.7,14.8,0.0,0.0
2015-09-07,26.5,35.7,15.6,0.0,0.0
2015-09-08,28.6,38.9,16.6,0.0,0.0
2015-09-09,30.8,40.2,20.0,0.0,0.0
2015-09-10,31.1,39.3,21.2,0.0,0.0
2015-09-11,31.5,39.9,21.8,0.0,0.0
2015-09-12,29.6,37.2,21.4,0.0,0.0
2015-09-13,29.6,36.2,22.4,0.0,0.0
2015-09-14,24.2,27.8,21.9,2.2,2.2
2015-09-15,23.8,27.0,20.1,1.1,1.1
2015-09-16,20.1,25.7,14.8,0.4,0.4
2015-09-17,21.0,27.0,15.7,0.0,0.0
2015-09-18,23.1,31.0,15.5,0.0,0.0
2015-09-19,24.7,34.6,14.4,0.0,0.0
2015-09-20,27.8,38.3,16.7,0.0,0.0
2015-09-21,28.5,37.7,18.4,0.0,0.0
2015-09-22,28.2,35.8,20.2,0.0,0.0
2015-09-23,25.7,33.5,17.9,0.0,0.0
2015-09-24,26.7,36.4,17.0,0.0,0.0
2015-09-25,28.7,37.5,19.8,0.0,0.0
2015-09-26,28.4,36.5,19.5,0.0,0.0
2015-09-27,27.4,34.4,19.2,0.0,0.0
2015-09-28,26.7,33.5,20.3,0.0,0.0
2015-09-29,25.3,30.7,19.5,0.0,0.0
2015-09-30,23.7,28.8,19.1,0.0,0.0
2015-10-01,21.6,25.9,17.7,1.2,1.2
2015-10-02,20.6,26.1,14.2,0.0,0.0
2015-10-03,22.4,29.5,14.4,0.0,0.0
2015-10-04,18.0,22.1,13.1,0.3,0.3
2015-10-05,19.6,25.2,13.4,0.0,0.0
2015-10-06,20.9,26.8,14.1,0.0,0.0
2015-10-07,22.4,29.0,14.7,0.0,0.0
2015-10-08,24.8,31.6,18.2,0.0,0.0
2015-10-09,25.7,33.8,18.3,0.0,0.0
2015-10-10,26.7,36.0,17.4,0.0,0.0
2015-10-11,25.9,33.7,17.7,0.0,0.0
2015-10-12,26.4,35.2,17.3,0.0,0.0
2015-10-13,26.8,35.2,18.3,0.0,0.0
2015-10-14,26.0,32.6,18.8,0.0,0.0
2015-10-15,24.6,31.2,18.9,0.0,0.0
2015-10-16,24.2,30.0,17.4,0.0,0.0
2015-10-17,22.6,27.1,18.4,2.8,2.8
2015-10-18,17.9,20.1,15.9,15.2,15.2
2015-10-19,17.3,21.3,12.2,0.0,0.0
2015-10-20,18.2,23.1,12.1,0.0,0.0
2015-10-21,18.3,25.0,12.4,0.0,0.0
2015-10-22,19.2,26.9,11.9,0.0,0.0
2015-10-23,20.0,27.5,12.6,0.0,0.0
2015-10-24,20.3,28.1,12.4,0.0,0.0
2015-10-25,20.7,29.3,15.1,0.0,0.0
2015-10-26,19.3,28.4,11.3,0.0,0.0
2015-10-27,18.6,26.4,11.2,0.0,0.0
2015-10-28,18.4,22.9,14.9,2.2,2.2
2015-10-29,17.1,21.9,13.5,0.0,0.0
2015-10-30,16.4,23.0,9.5,0.0,0.0
2015-10-31,18.5,27.3,10.9,0.0,0.0
2015-11-01,19.2,26.7,12.1,0.0,0.0
2015-11-02,13.4,18.8,10.2,21.0,21.0
2015-11-03,11.6,14.6,9.4,4.1,4.1
2015-11-04,10.8,14.5,5.8,0.0,0.0
2015-11-05,10.6,16.9,4.8,0.0,0.0
2015-11-06,11.4,18.0,6.2,0.0,0.0
2015-11-07,12.7,20.8,5.9,0.0,0.0
2015-11-08,13.8,21.0,6.7,0.4,0.4
2015-11-09,10.9,14.6,7.9,13.7,13.7
2015-11-10,8.7,12.8,4.0,2.5,2.5
2015-11-11,9.0,15.0,3.9,0.0,0.0
2015-11-12,9.5,16.4,3.8,0.0,0.0
2015-11-13,11.0,19.5,4.7,0.0,0.0
2015-11-14,12.7,22.4,5.2,0.0,0.0
2015-11-15,8.9,13.3,6.6,18.8,18.8
2015-11-16,7.2,11.7,3.5,0.0,0.0
2015-11-17,7.5,13.0,2.1,0.0,0.0
2015-11-18,8.3,13.9,2.9,0.0,0.0
2015-11-19,10.5,17.7,4.5,0.0,0.0
2015-11-20,11.6,18.6,5.4,0.0,0.0
2015-11-21,13.6,22.8,6.2,0.0,0.0
2015-11-22,14.3,23.4,7.5,0.0,0.0
2015-11-23,14.5,23.6,8.7,0.0,0.0
2015-11-24,11.5,17.3,7.5,7.4,7.4
2015-11-25,7.1,10.7,2.7,1.7,1.7
2015-11-26,6.3,10.9,3.5,0.0,0.0
2015-11-27,6.8,12.4,1.7,0.0,0.0
2015-11-28,6.8,12.8,2.6,0.0,0.0
2015-11-29,6.2,13.3,0.7,0.0,0.0
2015-11-30,6.5,13.5,0.8,0.0,0.0
2015-12-01,6.4,13.8,1.2,0.0,0.0
2015-12-02,8.9,16.3,2.7,0.0,0.0
2015-12-03,12.0,21.4,5.9,1.2,1.2
2015-12-04,10.6,15.5,6.7,0.2,0.2
2015-12-05,9.5,17.1,3.6,0.0,0.0
2015-12-06,11.5,20.2,5.5,0.0,0.0
2015-12-07,11.8,18.8,6.6,0.0,0.0
2015-12-08,10.8,16.4,6.3,0.0,0.0
2015-12-09,11.2,16.4,7.3,0.0,0.0
2015-12-10,10.5,14.9,7.8,8.9,8.9
2015-12-11,8.1,10.3,5.7,7.9,7.9
2015-12-12,7.3,11.4,4.6,0.0,0.0
2015-12-13,5.6,11.0,2.1,10.0,10.0
2015-12-14,5.1,8.8,2.0,0.0,0.0
2015-12-15,3.9,9.0,-0.1,0.0,0.0
2015-12-16,4.8,9.7,1.3,0.0,0.0
2015-12-17,5.4,10.9,1.4,0.0,0.0
2015-12-18,7.1,15.5,1.2,0.0,0.0
2015-12-19,6.2,9.0,3.6,6.7,6.7
2015-12-20,7.4,10.5,4.6,0.0,0.0
2015-12-21,8.8,10.7,6.9,7.6,7.6
2015-12-22,11.0,13.5,9.2,29.7,29.7
2015-12-23,9.0,11.9,6.4,0.0,0.0
2015-12-24,5.5,8.7,1.7,6.4,6.4
2015-12-25,2.2,8.1,-3.0,0.0,0.0
2015-12-26,2.4,8.5,-1.6,0.0,0.0
2015-12-27,5.1,10.5,-0.8,0.0,0.0
2015-12-28,4.7,7.5,3.1,0.8,0.8
2015-12-29,3.6,8.1,-0.0,0.0,0.0
2015-12-30,4.5,9.6,0.1,0.0,0.0
2015-12-31,4.8,10.9,0.5,0.0,0.0
2016-01-01,4.8,11.8,-0.4,0.0,0.0
2016-01-02,7.9,14.5,4.1,0.1,0.1
2016-01-03,8.6,15.6,4.0,0.0,0.0
2016-01-04,7.9,12.6,2.9,4.3,4.3
2016-01-05,9.4,11.5,7.5,28.1,28.1
2016-01-06,6.7,8.6,4.3,19.2,19.2
2016-01-07,7.0,9.9,3.6,6.0,6.0
2016-01-08,6.6,9.8,3.7,0.0,0.0
2016-01-09,7.9,11.5,4.0,1.1,1.1
2016-01-10,8.9,12.3,5.7,2.4,2.4
2016-01-11,7.9,14.2,3.0,0.0,0.0
2016-01-12,8.5,17.0,3.1,0.0,0.0
2016-01-13,10.2,16.1,5.6,2.9,2.9
2016-01-14,8.0,13.3,2.7,1.6,1.6
2016-01-15,10.0,14.0,6.4,3.7,3.7
2016-01-16,10.2,15.2,5.9,1.8,1.8
2016-01-17,10.4,17.5,4.0,0.3,0.3
2016-01-18,10.5,14.7,6.4,13.0,13.0
2016-01-19,9.5,12.7,5.6,25.9,25.9
2016-01-20,10.3,15.7,6.3,2.1,2.1
2016-01-21,10.9,19.1,5.0,0.0,0.0
2016-01-22,11.1,14.9,7.2,1.1,1.1
2016-01-23,10.5,11.8,7.5,17.9,17.9
2016-01-24,8.1,13.2,2.6,0.0,0.0
2016-01-25,8.2,13.6,3.0,0.0,0.0
2016-01-26,8.9,16.5,2.5,0.0,0.0
2016-01-27,10.1,16.3,5.7,0.0,0.0
2016-01-28,9.5,15.5,3.3,0.0,0.0
2016-01-29,12.0,17.2,7.9,0.0,0.0
2016-01-30,10.4,11.8,9.5,8.2,8.2
2016-01-31,7.0,9.6,4.6,28.8,28.8
2016-02-01,5.3,9.4,1.6,0.1,0.1
2016-02-02,3.7,8.4,-0.9,0.0,0.0
2016-02-03,5.9,11.7,0.5,0.0,0.0
2016-02-04,6.6,13.2,0.8,0.0,0.0
2016-02-05,8.6,17.0,1.8,0.0,0.0
2016-02-06,9.5,17.0,2.5,0.0,0.0
2016-02-07,11.3,19.4,4.3,0.0,0.0
2016-02-08,13.9,21.6,8.0,0.0,0.0
2016-02-09,14.6,23.7,7.5,0.0,0.0
2016-02-10,13.6,22.3,6.8,0.0,0.0
2016-02-11,13.7,23.4,6.0,0.0,0.0
2016-02-12,13.0,21.2,6.6,0.0,0.0
2016-02-13,12.1,19.2,6.4,0.0,0.0
2016-02-14,11.8,17.4,6.2,0.0,0.0
2016-02-15,14.0,21.6,8.0,0.0,0.0
2016-02-16,15.2,24.0,7.9,0.0,0.0
2016-02-17,14.5,20.3,11.5,1.3,1.3
2016-02-18,11.8,15.7,7.6,12.1,12.1
2016-02-19,10.6,17.4,5.3,0.0,0.0
2016-02-20,10.2,16.6,4.5,0.0,0.0
2016-02-21,10.7,17.4,4.7,0.0,0.0
2016-02-22,11.5,17.6,5.0,0.0,0.0
2016-02-23,12.8,21.1,5.7,0.0,0.0
2016-02-24,13.9,22.1,6.6,0.0,0.0
2016-02-25,14.1,22.4,6.7,0.0,0.0
2016-02-26,15.2,24.0,7.8,0.0,0.0
2016-02-27,14.0,21.1,7.9,0.0,0.0
2016-02-28,13.1,18.2,7.7,0.0,0.0
2016-02-29,13.6,20.8,6.4,0.0,0.0
2016-03-01,15.6,23.9,8.6,0.0,0.0
2016-03-02,15.1,23.1,7.8,0.0,0.0
2016-03-03,14.8,21.0,8.4,0.0,0.0
2016-03-04,14.9,21.3,7.9,2.3,2.3
2016-03-05,14.0,16.0,12.4,30.2,30.2
2016-03-06,12.1,15.3,8.8,26.5,26.5
2016-03-07,8.7,11.3,6.8,22.6,22.6
2016-03-08,10.0,15.1,6.5,0.0,0.0
2016-03-09,11.9,18.1,5.5,0.0,0.0
2016-03-10,15.2,23.4,7.4,0.0,0.0
2016-03-11,11.7,16.3,6.7,15.0,15.0
2016-03-12,11.2,14.7,8.3,2.0,2.0
2016-03-13,11.2,14.9,8.6,6.0,6.0
2016-03-14,13.1,18.1,8.8,0.3,0.3
2016-03-15,11.9,18.0,6.1,0.0,0.0
2016-03-16,13.7,21.2,6.2,0.0,0.0
2016-03-17,14.9,23.2,6.5,0.0,0.0
2016-03-18,15.6,23.3,7.7,0.0,0.0
2016-03-19,15.8,22.6,8.5,0.0,0.0
2016-03-20,16.1,22.1,9.4,0.2,0.2
2016-03-21,13.9,15.6,11.0,9.1,9.1
2016-03-22,11.3,15.3,7.3,0.9,0.9
2016-03-23,11.3,17.2,4.6,0.0,0.0
2016-03-24,12.8,19.5,5.9,0.0,0.0
2016-03-25,13.9,20.0,7.1,0.0,0.0
2016-03-26,14.7,20.5,7.9,0.0,0.0
2016-03-27,15.7,22.1,9.1,0.0,0.0
2016-03-28,11.1,13.5,8.5,0.7,0.7
2016-03-29,9.7,13.8,4.9,0.0,0.0
2016-03-30,11.0,16.9,3.6,0.0,0.0
2016-03-31,13.1,18.9,6.8,0.0,0.0
2016-04-01,15.3,22.0,7.5,0.0,0.0
2016-04-02,17.4,25.5,9.2,0.0,0.0
2016-04-03,17.8,25.5,9.4,0.0,0.0
2016-04-04,17.5,25.0,10.2,0.0,0.0
2016-04-05,17.7,26.3,9.5,0.0,0.0
2016-04-06,20.8,30.2,12.6,0.0,0.0
2016-04-07,19.8,25.3,14.6,0.0,0.0
2016-04-08,17.4,20.8,14.2,3.2,3.2
2016-04-09,15.1,17.2,13.2,20.6,20.6
2016-04-10,15.3,18.9,12.4,0.0,0.0
2016-04-11,16.0,20.0,12.9,0.0,0.0
2016-04-12,16.2,21.5,10.4,0.0,0.0
2016-04-13,15.6,20.7,10.2,0.0,0.0
2016-04-14,14.6,19.6,9.0,0.0,0.0
2016-04-15,13.9,20.9,7.2,0.0,0.0
2016-04-16,15.9,23.7,7.5,0.0,0.0
2016-04-17,19.5,28.4,10.9,0.0,0.0
2016-04-18,20.9,29.7,12.0,0.0,0.0
2016-04-19,21.4,30.2,12.0,0.0,0.0
2016-04-20,20.8,28.6,11.8,0.0,0.0
2016-04-21,20.1,28.2,11.2,0.0,0.0
2016-04-22,16.4,22.1,11.3,8.1,8.1
2016-04-23,13.4,20.0,5.7,0.0,0.0
2016-04-24,14.8,19.8,9.0,0.0,0.0
2016-04-25,12.7,16.5,8.8,0.2,0.2
2016-04-26,14.0,20.1,6.6,0.0,0.0
2016-04-27,14.7,20.1,10.0,0.5,0.5
2016-04-28,13.3,18.9,8.8,0.0,0.0
2016-04-29,16.2,22.8,8.5,0.0,0.0
2016-04-30,17.0,23.5,9.6,0.0,0.0
2016-05-01,19.2,26.5,11.4,0.1,0.1
2016-05-02,20.8,28.1,12.8,0.1,0.1
2016-05-03,21.0,28.7,12.1,0.0,0.0
2016-05-04,21.1,26.8,15.1,0.0,0.0
2016-05-05,16.2,19.3,13.6,3.1,3.1
2016-05-06,15.2,18.8,12.3,3.5,3.5
2016-05-07,15.8,19.2,12.6,0.0,0.0
2016-05-08,16.8,20.4,12.7,0.0,0.0
2016-05-09,19.2,26.3,11.5,0.0,0.0
2016-05-10,20.5,27.7,13.4,0.0,0.0
2016-05-11,22.8,31.2,13.8,0.0,0.0
2016-05-12,24.7,33.9,14.9,0.0,0.0
2016-05-13,24.5,32.4,16.1,0.1,0.1
2016-05-14,21.2,26.3,16.1,0.0,0.0
2016-05-15,20.2,26.1,13.3,0.0,0.0
2016-05-16,20.7,26.8,12.9,0.0,0.0
2016-05-17,22.9,29.9,15.1,0.0,0.0
2016-05-18,24.7,32.4,15.5,0.0,0.0
2016-05-19,24.3,32.4,16.6,0.0,0.0
2016-05-20,17.1,21.8,12.7,0.0,0.0
2016-05-21,15.6,20.9,9.9,0.0,0.0
2016-05-22,17.1,23.5,10.3,0.0,0.0
2016-05-23,18.0,23.5,10.9,0.0,0.0
2016-05-24,18.0,22.8,12.5,0.3,0.3
2016-05-25,18.7,23.8,13.3,0.0,0.0
2016-05-26,20.4,26.5,14.3,0.0,0.0
2016-05-27,22.7,30.2,13.6,0.0,0.0
2016-05-28,24.1,31.3,15.0,0.0,0.0
2016-05-29,25.3,32.4,16.3,0.0,0.0
2016-05-30,26.0,33.9,16.1,0.0,0.0
2016-05-31,27.9,36.6,18.0,0.0,0.0
2016-06-01,29.5,38.3,18.7,0.0,0.0
2016-06-02,29.4,38.2,18.2,0.0,0.0
2016-06-03,29.6,38.4,18.6,0.0,0.0
2016-06-04,31.2,39.7,20.6,0.0,0.0
2016-06-05,29.8,38.1,19.4,0.0,0.0
2016-06-06,29.5,37.7,19.8,0.0,0.0
2016-06-07,29.5,37.3,19.8,0.0,0.0
2016-06-08,28.2,35.5,20.3,0.0,0.0
2016-06-09,27.1,33.9,19.8,0.0,0.0
2016-06-10,25.8,31.5,20.8,0.0,0.0
2016-06-11,25.1,30.4,17.8,0.0,0.0
2016-06-12,24.3,29.0,17.5,0.0,0.0
2016-06-13,25.2,32.0,17.7,0.0,0.0
2016-06-14,23.4,29.5,16.8,0.0,0.0
2016-06-15,20.2,25.7,14.2,0.0,0.0
2016-06-16,20.9,27.7,13.7,0.0,0.0
2016-06-17,24.3,30.8,14.7,0.0,0.0
2016-06-18,25.5,32.3,17.5,0.0,0.0
2016-06-19,28.0,37.3,16.7,0.0,0.0
